{
  "pools": [
    {
      "rolls": 1,
      "entries": [
        {
          "type": "item",
          "name": "minecraft:golden_chestplate",
          "weight": 3,
          "functions": [
            {
              "function": "set_nbt",
              "tag": "{Enchantments:[{id:\"minecraft:shinning\",lvl:1}],CustomEnchantments:{LifePlus:1},display:{Lore:[\"{\\\"text\\\":\\\"Life+ I\\\",\\\"color\\\":\\\"gray\\\",\\\"italic\\\":false}\"]},AttributeModifiers:[{AttributeName:\"generic.max_health\",Name:\"generic.max_health\",Amount:4,Operation:0,UUID:[I;-1807450154,2029798966,-1479006002,322527300],Slot:\"chest\"},{AttributeName:\"generic.armor\",Name:\"generic.armor\",Slot:\"chest\",Amount:8,Operation:0,UUID:[I;622047902,-1287827610,-1486442346,1676123659]},{AttributeName:\"generic.armor_toughness\",Name:\"generic.armor_toughness\",Slot:\"chest\",Amount:3,Operation:0,UUID:[I;-493115998,-1423947013,-1600184764,-195961718]},{AttributeName:\"generic.knockback_resistance\",Name:\"generic.knockback_resistance\",Slot:\"chest\",Amount:0.1,Operation:0,UUID:[I;-536990262,1379877935,-1936938976,2035377199]}]}"
            },
            {
              "function": "enchant_with_levels",
              "treasure": true,
              "levels": {
                "min": 20,
                "max": 30
              },
              "conditions": [
                {
                  "condition": "random_chance",
                  "chance": 0.75
                }
              ]
            }
          ]
        },
        {
          "type": "item",
          "name": "minecraft:golden_chestplate",
          "weight": 3,
          "functions": [
            {
              "function": "set_nbt",
              "tag": "{Enchantments:[{id:\"minecraft:shinning\",lvl:1}],CustomEnchantments:{LifePlus:2},display:{Lore:[\"{\\\"text\\\":\\\"Life+ II\\\",\\\"color\\\":\\\"gray\\\",\\\"italic\\\":false}\"]},AttributeModifiers:[{AttributeName:\"generic.max_health\",Name:\"generic.max_health\",Amount:8,Operation:0,UUID:[I;-1807450154,2029798966,-1479006002,322527300],Slot:\"chest\"},{AttributeName:\"generic.armor\",Name:\"generic.armor\",Slot:\"chest\",Amount:8,Operation:0,UUID:[I;622047902,-1287827610,-1486442346,1676123659]},{AttributeName:\"generic.armor_toughness\",Name:\"generic.armor_toughness\",Slot:\"chest\",Amount:3,Operation:0,UUID:[I;-493115998,-1423947013,-1600184764,-195961718]},{AttributeName:\"generic.knockback_resistance\",Name:\"generic.knockback_resistance\",Slot:\"chest\",Amount:0.1,Operation:0,UUID:[I;-536990262,1379877935,-1936938976,2035377199]}]}"
            },
            {
              "function": "enchant_with_levels",
              "treasure": true,
              "levels": {
                "min": 20,
                "max": 30
              },
              "conditions": [
                {
                  "condition": "random_chance",
                  "chance": 0.75
                }
              ]
            }
          ]
        },
        {
          "type": "item",
          "name": "minecraft:golden_chestplate",
          "weight": 3,
          "functions": [
            {
              "function": "set_nbt",
              "tag": "{Enchantments:[{id:\"minecraft:shinning\",lvl:1}],CustomEnchantments:{LifePlus:3},display:{Lore:[\"{\\\"text\\\":\\\"Life+ III\\\",\\\"color\\\":\\\"gray\\\",\\\"italic\\\":false}\"]},AttributeModifiers:[{AttributeName:\"generic.max_health\",Name:\"generic.max_health\",Amount:12,Operation:0,UUID:[I;-1807450154,2029798966,-1479006002,322527300],Slot:\"chest\"},{AttributeName:\"generic.armor\",Name:\"generic.armor\",Slot:\"chest\",Amount:8,Operation:0,UUID:[I;622047902,-1287827610,-1486442346,1676123659]},{AttributeName:\"generic.armor_toughness\",Name:\"generic.armor_toughness\",Slot:\"chest\",Amount:3,Operation:0,UUID:[I;-493115998,-1423947013,-1600184764,-195961718]},{AttributeName:\"generic.knockback_resistance\",Name:\"generic.knockback_resistance\",Slot:\"chest\",Amount:0.1,Operation:0,UUID:[I;-536990262,1379877935,-1936938976,2035377199]}]}"
            },
            {
              "function": "enchant_with_levels",
              "treasure": true,
              "levels": {
                "min": 20,
                "max": 30
              },
              "conditions": [
                {
                  "condition": "random_chance",
                  "chance": 0.75
                }
              ]
            }
          ]
        },
        {
          "type": "item",
          "name": "minecraft:golden_chestplate",
          "weight": 3,
          "functions": [
            {
              "function": "set_nbt",
              "tag": "{Enchantments:[{id:\"minecraft:shinning\",lvl:1}],CustomEnchantments:{LifePlus:4},display:{Lore:[\"{\\\"text\\\":\\\"Life+ IV\\\",\\\"color\\\":\\\"gray\\\",\\\"italic\\\":false}\"]},AttributeModifiers:[{AttributeName:\"generic.max_health\",Name:\"generic.max_health\",Amount:16,Operation:0,UUID:[I;-1807450154,2029798966,-1479006002,322527300],Slot:\"chest\"},{AttributeName:\"generic.armor\",Name:\"generic.armor\",Slot:\"chest\",Amount:8,Operation:0,UUID:[I;622047902,-1287827610,-1486442346,1676123659]},{AttributeName:\"generic.armor_toughness\",Name:\"generic.armor_toughness\",Slot:\"chest\",Amount:3,Operation:0,UUID:[I;-493115998,-1423947013,-1600184764,-195961718]},{AttributeName:\"generic.knockback_resistance\",Name:\"generic.knockback_resistance\",Slot:\"chest\",Amount:0.1,Operation:0,UUID:[I;-536990262,1379877935,-1936938976,2035377199]}]}"
            },
            {
              "function": "enchant_with_levels",
              "treasure": true,
              "levels": {
                "min": 20,
                "max": 30
              },
              "conditions": [
                {
                  "condition": "random_chance",
                  "chance": 0.75
                }
              ]
            }
          ]
        },
        {
          "type": "item",
          "name": "minecraft:golden_chestplate",
          "weight": 3,
          "functions": [
            {
              "function": "set_nbt",
              "tag": "{Enchantments:[{id:\"minecraft:shinning\",lvl:1}],CustomEnchantments:{LifePlus:5},display:{Lore:[\"{\\\"text\\\":\\\"Life+ V\\\",\\\"color\\\":\\\"gray\\\",\\\"italic\\\":false}\"]},AttributeModifiers:[{AttributeName:\"generic.max_health\",Name:\"generic.max_health\",Amount:20,Operation:0,UUID:[I;-1807450154,2029798966,-1479006002,322527300],Slot:\"chest\"},{AttributeName:\"generic.armor\",Name:\"generic.armor\",Slot:\"chest\",Amount:8,Operation:0,UUID:[I;622047902,-1287827610,-1486442346,1676123659]},{AttributeName:\"generic.armor_toughness\",Name:\"generic.armor_toughness\",Slot:\"chest\",Amount:3,Operation:0,UUID:[I;-493115998,-1423947013,-1600184764,-195961718]},{AttributeName:\"generic.knockback_resistance\",Name:\"generic.knockback_resistance\",Slot:\"chest\",Amount:0.1,Operation:0,UUID:[I;-536990262,1379877935,-1936938976,2035377199]}]}"
            },
            {
              "function": "enchant_with_levels",
              "treasure": true,
              "levels": {
                "min": 20,
                "max": 30
              },
              "conditions": [
                {
                  "condition": "random_chance",
                  "chance": 0.75
                }
              ]
            }
          ]
        },
        {
          "type": "item",
          "name": "minecraft:golden_chestplate",
          "weight": 3,
          "functions": [
            {
              "function": "set_nbt",
              "tag": "{Enchantments:[{id:\"minecraft:shinning\",lvl:1}],CustomEnchantments:{AntiLagVenom:1,AntiVenom:1},display:{Lore:[\"{\\\"text\\\":\\\"Anti-Venom I\\\",\\\"color\\\":\\\"gray\\\",\\\"italic\\\":false}\"]}}"
            },
            {
              "function": "enchant_with_levels",
              "treasure": true,
              "levels": {
                "min": 20,
                "max": 30
              },
              "conditions": [
                {
                  "condition": "random_chance",
                  "chance": 0.75
                }
              ]
            }
          ]
        },
        {
          "type": "item",
          "name": "minecraft:golden_chestplate",
          "weight": 3,
          "functions": [
            {
              "function": "set_nbt",
              "tag": "{Enchantments:[{id:\"minecraft:shinning\",lvl:1}],CustomEnchantments:{AntiLagVenom:1,AntiVenom:2},display:{Lore:[\"{\\\"text\\\":\\\"Anti-Venom II\\\",\\\"color\\\":\\\"gray\\\",\\\"italic\\\":false}\"]}}"
            },
            {
              "function": "enchant_with_levels",
              "treasure": true,
              "levels": {
                "min": 20,
                "max": 30
              },
              "conditions": [
                {
                  "condition": "random_chance",
                  "chance": 0.75
                }
              ]
            }
          ]
        },
        {
          "type": "item",
          "name": "minecraft:golden_chestplate",
          "weight": 2,
          "functions": [
            {
              "function": "set_nbt",
              "tag": "{Enchantments:[{id:\"minecraft:shinning\",lvl:1}],CustomEnchantments:{AutoFeed:1},display:{Lore:[\"{\\\"text\\\":\\\"Auto-Feed\\\",\\\"color\\\":\\\"gray\\\",\\\"italic\\\":false}\"]}}"
            },
            {
              "function": "enchant_with_levels",
              "treasure": true,
              "levels": {
                "min": 20,
                "max": 30
              },
              "conditions": [
                {
                  "condition": "random_chance",
                  "chance": 0.75
                }
              ]
            }
          ]
        },
        {
          "type": "item",
          "name": "minecraft:golden_chestplate",
          "weight": 2,
          "functions": [
            {
              "function": "set_nbt",
              "tag": "{Enchantments:[{id:\"minecraft:shinning\",lvl:1}],CustomEnchantments:{LifePlus:1,AntiLagVenom:1,AntiVenom:1},EnchantLimit:2,display:{Lore:[\"{\\\"text\\\":\\\"Life+ I\\\",\\\"color\\\":\\\"gray\\\",\\\"italic\\\":false}\",\"{\\\"text\\\":\\\"Anti-Venom I\\\",\\\"color\\\":\\\"gray\\\",\\\"italic\\\":false}\"]},AttributeModifiers:[{AttributeName:\"generic.max_health\",Name:\"generic.max_health\",Amount:4,Operation:0,UUID:[I;-1807450154,2029798966,-1479006002,322527300],Slot:\"chest\"},{AttributeName:\"generic.armor\",Name:\"generic.armor\",Slot:\"chest\",Amount:8,Operation:0,UUID:[I;622047902,-1287827610,-1486442346,1676123659]},{AttributeName:\"generic.armor_toughness\",Name:\"generic.armor_toughness\",Slot:\"chest\",Amount:3,Operation:0,UUID:[I;-493115998,-1423947013,-1600184764,-195961718]},{AttributeName:\"generic.knockback_resistance\",Name:\"generic.knockback_resistance\",Slot:\"chest\",Amount:0.1,Operation:0,UUID:[I;-536990262,1379877935,-1936938976,2035377199]}]}"
            },
            {
              "function": "enchant_with_levels",
              "treasure": true,
              "levels": {
                "min": 20,
                "max": 30
              },
              "conditions": [
                {
                  "condition": "random_chance",
                  "chance": 0.75
                }
              ]
            }
          ]
        },
        {
          "type": "item",
          "name": "minecraft:golden_chestplate",
          "weight": 2,
          "functions": [
            {
              "function": "set_nbt",
              "tag": "{Enchantments:[{id:\"minecraft:shinning\",lvl:1}],CustomEnchantments:{LifePlus:2,AntiLagVenom:1,AntiVenom:1},EnchantLimit:2,display:{Lore:[\"{\\\"text\\\":\\\"Life+ II\\\",\\\"color\\\":\\\"gray\\\",\\\"italic\\\":false}\",\"{\\\"text\\\":\\\"Anti-Venom I\\\",\\\"color\\\":\\\"gray\\\",\\\"italic\\\":false}\"]},AttributeModifiers:[{AttributeName:\"generic.max_health\",Name:\"generic.max_health\",Amount:8,Operation:0,UUID:[I;-1807450154,2029798966,-1479006002,322527300],Slot:\"chest\"},{AttributeName:\"generic.armor\",Name:\"generic.armor\",Slot:\"chest\",Amount:8,Operation:0,UUID:[I;622047902,-1287827610,-1486442346,1676123659]},{AttributeName:\"generic.armor_toughness\",Name:\"generic.armor_toughness\",Slot:\"chest\",Amount:3,Operation:0,UUID:[I;-493115998,-1423947013,-1600184764,-195961718]},{AttributeName:\"generic.knockback_resistance\",Name:\"generic.knockback_resistance\",Slot:\"chest\",Amount:0.1,Operation:0,UUID:[I;-536990262,1379877935,-1936938976,2035377199]}]}"
            },
            {
              "function": "enchant_with_levels",
              "treasure": true,
              "levels": {
                "min": 20,
                "max": 30
              },
              "conditions": [
                {
                  "condition": "random_chance",
                  "chance": 0.75
                }
              ]
            }
          ]
        },
        {
          "type": "item",
          "name": "minecraft:golden_chestplate",
          "weight": 2,
          "functions": [
            {
              "function": "set_nbt",
              "tag": "{Enchantments:[{id:\"minecraft:shinning\",lvl:1}],CustomEnchantments:{LifePlus:3,AntiLagVenom:1,AntiVenom:1},EnchantLimit:2,display:{Lore:[\"{\\\"text\\\":\\\"Life+ III\\\",\\\"color\\\":\\\"gray\\\",\\\"italic\\\":false}\",\"{\\\"text\\\":\\\"Anti-Venom I\\\",\\\"color\\\":\\\"gray\\\",\\\"italic\\\":false}\"]},AttributeModifiers:[{AttributeName:\"generic.max_health\",Name:\"generic.max_health\",Amount:12,Operation:0,UUID:[I;-1807450154,2029798966,-1479006002,322527300],Slot:\"chest\"},{AttributeName:\"generic.armor\",Name:\"generic.armor\",Slot:\"chest\",Amount:8,Operation:0,UUID:[I;622047902,-1287827610,-1486442346,1676123659]},{AttributeName:\"generic.armor_toughness\",Name:\"generic.armor_toughness\",Slot:\"chest\",Amount:3,Operation:0,UUID:[I;-493115998,-1423947013,-1600184764,-195961718]},{AttributeName:\"generic.knockback_resistance\",Name:\"generic.knockback_resistance\",Slot:\"chest\",Amount:0.1,Operation:0,UUID:[I;-536990262,1379877935,-1936938976,2035377199]}]}"
            },
            {
              "function": "enchant_with_levels",
              "treasure": true,
              "levels": {
                "min": 20,
                "max": 30
              },
              "conditions": [
                {
                  "condition": "random_chance",
                  "chance": 0.75
                }
              ]
            }
          ]
        },
        {
          "type": "item",
          "name": "minecraft:golden_chestplate",
          "weight": 2,
          "functions": [
            {
              "function": "set_nbt",
              "tag": "{Enchantments:[{id:\"minecraft:shinning\",lvl:1}],CustomEnchantments:{LifePlus:4,AntiLagVenom:1,AntiVenom:1},EnchantLimit:2,display:{Lore:[\"{\\\"text\\\":\\\"Life+ IV\\\",\\\"color\\\":\\\"gray\\\",\\\"italic\\\":false}\",\"{\\\"text\\\":\\\"Anti-Venom I\\\",\\\"color\\\":\\\"gray\\\",\\\"italic\\\":false}\"]},AttributeModifiers:[{AttributeName:\"generic.max_health\",Name:\"generic.max_health\",Amount:16,Operation:0,UUID:[I;-1807450154,2029798966,-1479006002,322527300],Slot:\"chest\"},{AttributeName:\"generic.armor\",Name:\"generic.armor\",Slot:\"chest\",Amount:8,Operation:0,UUID:[I;622047902,-1287827610,-1486442346,1676123659]},{AttributeName:\"generic.armor_toughness\",Name:\"generic.armor_toughness\",Slot:\"chest\",Amount:3,Operation:0,UUID:[I;-493115998,-1423947013,-1600184764,-195961718]},{AttributeName:\"generic.knockback_resistance\",Name:\"generic.knockback_resistance\",Slot:\"chest\",Amount:0.1,Operation:0,UUID:[I;-536990262,1379877935,-1936938976,2035377199]}]}"
            },
            {
              "function": "enchant_with_levels",
              "treasure": true,
              "levels": {
                "min": 20,
                "max": 30
              },
              "conditions": [
                {
                  "condition": "random_chance",
                  "chance": 0.75
                }
              ]
            }
          ]
        },
        {
          "type": "item",
          "name": "minecraft:golden_chestplate",
          "weight": 1,
          "functions": [
            {
              "function": "set_nbt",
              "tag": "{Enchantments:[{id:\"minecraft:shinning\",lvl:1}],CustomEnchantments:{LifePlus:5,AntiLagVenom:1,AntiVenom:1},EnchantLimit:2,display:{Lore:[\"{\\\"text\\\":\\\"Life+ V\\\",\\\"color\\\":\\\"gray\\\",\\\"italic\\\":false}\",\"{\\\"text\\\":\\\"Anti-Venom I\\\",\\\"color\\\":\\\"gray\\\",\\\"italic\\\":false}\"]},AttributeModifiers:[{AttributeName:\"generic.max_health\",Name:\"generic.max_health\",Amount:20,Operation:0,UUID:[I;-1807450154,2029798966,-1479006002,322527300],Slot:\"chest\"},{AttributeName:\"generic.armor\",Name:\"generic.armor\",Slot:\"chest\",Amount:8,Operation:0,UUID:[I;622047902,-1287827610,-1486442346,1676123659]},{AttributeName:\"generic.armor_toughness\",Name:\"generic.armor_toughness\",Slot:\"chest\",Amount:3,Operation:0,UUID:[I;-493115998,-1423947013,-1600184764,-195961718]},{AttributeName:\"generic.knockback_resistance\",Name:\"generic.knockback_resistance\",Slot:\"chest\",Amount:0.1,Operation:0,UUID:[I;-536990262,1379877935,-1936938976,2035377199]}]}"
            },
            {
              "function": "enchant_with_levels",
              "treasure": true,
              "levels": {
                "min": 20,
                "max": 30
              },
              "conditions": [
                {
                  "condition": "random_chance",
                  "chance": 0.75
                }
              ]
            }
          ]
        },
        {
          "type": "item",
          "name": "minecraft:golden_chestplate",
          "weight": 2,
          "functions": [
            {
              "function": "set_nbt",
              "tag": "{Enchantments:[{id:\"minecraft:shinning\",lvl:1}],CustomEnchantments:{LifePlus:1,AntiLagVenom:1,AntiVenom:2},EnchantLimit:2,display:{Lore:[\"{\\\"text\\\":\\\"Life+ I\\\",\\\"color\\\":\\\"gray\\\",\\\"italic\\\":false}\",\"{\\\"text\\\":\\\"Anti-Venom II\\\",\\\"color\\\":\\\"gray\\\",\\\"italic\\\":false}\"]},AttributeModifiers:[{AttributeName:\"generic.max_health\",Name:\"generic.max_health\",Amount:4,Operation:0,UUID:[I;-1807450154,2029798966,-1479006002,322527300],Slot:\"chest\"},{AttributeName:\"generic.armor\",Name:\"generic.armor\",Slot:\"chest\",Amount:8,Operation:0,UUID:[I;622047902,-1287827610,-1486442346,1676123659]},{AttributeName:\"generic.armor_toughness\",Name:\"generic.armor_toughness\",Slot:\"chest\",Amount:3,Operation:0,UUID:[I;-493115998,-1423947013,-1600184764,-195961718]},{AttributeName:\"generic.knockback_resistance\",Name:\"generic.knockback_resistance\",Slot:\"chest\",Amount:0.1,Operation:0,UUID:[I;-536990262,1379877935,-1936938976,2035377199]}]}"
            },
            {
              "function": "enchant_with_levels",
              "treasure": true,
              "levels": {
                "min": 20,
                "max": 30
              },
              "conditions": [
                {
                  "condition": "random_chance",
                  "chance": 0.75
                }
              ]
            }
          ]
        },
        {
          "type": "item",
          "name": "minecraft:golden_chestplate",
          "weight": 2,
          "functions": [
            {
              "function": "set_nbt",
              "tag": "{Enchantments:[{id:\"minecraft:shinning\",lvl:1}],CustomEnchantments:{LifePlus:2,AntiLagVenom:1,AntiVenom:2},EnchantLimit:2,display:{Lore:[\"{\\\"text\\\":\\\"Life+ II\\\",\\\"color\\\":\\\"gray\\\",\\\"italic\\\":false}\",\"{\\\"text\\\":\\\"Anti-Venom II\\\",\\\"color\\\":\\\"gray\\\",\\\"italic\\\":false}\"]},AttributeModifiers:[{AttributeName:\"generic.max_health\",Name:\"generic.max_health\",Amount:8,Operation:0,UUID:[I;-1807450154,2029798966,-1479006002,322527300],Slot:\"chest\"},{AttributeName:\"generic.armor\",Name:\"generic.armor\",Slot:\"chest\",Amount:8,Operation:0,UUID:[I;622047902,-1287827610,-1486442346,1676123659]},{AttributeName:\"generic.armor_toughness\",Name:\"generic.armor_toughness\",Slot:\"chest\",Amount:3,Operation:0,UUID:[I;-493115998,-1423947013,-1600184764,-195961718]},{AttributeName:\"generic.knockback_resistance\",Name:\"generic.knockback_resistance\",Slot:\"chest\",Amount:0.1,Operation:0,UUID:[I;-536990262,1379877935,-1936938976,2035377199]}]}"
            },
            {
              "function": "enchant_with_levels",
              "treasure": true,
              "levels": {
                "min": 20,
                "max": 30
              },
              "conditions": [
                {
                  "condition": "random_chance",
                  "chance": 0.75
                }
              ]
            }
          ]
        },
        {
          "type": "item",
          "name": "minecraft:golden_chestplate",
          "weight": 2,
          "functions": [
            {
              "function": "set_nbt",
              "tag": "{Enchantments:[{id:\"minecraft:shinning\",lvl:1}],CustomEnchantments:{LifePlus:3,AntiLagVenom:1,AntiVenom:2},EnchantLimit:2,display:{Lore:[\"{\\\"text\\\":\\\"Life+ III\\\",\\\"color\\\":\\\"gray\\\",\\\"italic\\\":false}\",\"{\\\"text\\\":\\\"Anti-Venom II\\\",\\\"color\\\":\\\"gray\\\",\\\"italic\\\":false}\"]},AttributeModifiers:[{AttributeName:\"generic.max_health\",Name:\"generic.max_health\",Amount:12,Operation:0,UUID:[I;-1807450154,2029798966,-1479006002,322527300],Slot:\"chest\"},{AttributeName:\"generic.armor\",Name:\"generic.armor\",Slot:\"chest\",Amount:8,Operation:0,UUID:[I;622047902,-1287827610,-1486442346,1676123659]},{AttributeName:\"generic.armor_toughness\",Name:\"generic.armor_toughness\",Slot:\"chest\",Amount:3,Operation:0,UUID:[I;-493115998,-1423947013,-1600184764,-195961718]},{AttributeName:\"generic.knockback_resistance\",Name:\"generic.knockback_resistance\",Slot:\"chest\",Amount:0.1,Operation:0,UUID:[I;-536990262,1379877935,-1936938976,2035377199]}]}"
            },
            {
              "function": "enchant_with_levels",
              "treasure": true,
              "levels": {
                "min": 20,
                "max": 30
              },
              "conditions": [
                {
                  "condition": "random_chance",
                  "chance": 0.75
                }
              ]
            }
          ]
        },
        {
          "type": "item",
          "name": "minecraft:golden_chestplate",
          "weight": 1,
          "functions": [
            {
              "function": "set_nbt",
              "tag": "{Enchantments:[{id:\"minecraft:shinning\",lvl:1}],CustomEnchantments:{LifePlus:4,AntiLagVenom:1,AntiVenom:2},EnchantLimit:2,display:{Lore:[\"{\\\"text\\\":\\\"Life+ IV\\\",\\\"color\\\":\\\"gray\\\",\\\"italic\\\":false}\",\"{\\\"text\\\":\\\"Anti-Venom II\\\",\\\"color\\\":\\\"gray\\\",\\\"italic\\\":false}\"]},AttributeModifiers:[{AttributeName:\"generic.max_health\",Name:\"generic.max_health\",Amount:16,Operation:0,UUID:[I;-1807450154,2029798966,-1479006002,322527300],Slot:\"chest\"},{AttributeName:\"generic.armor\",Name:\"generic.armor\",Slot:\"chest\",Amount:8,Operation:0,UUID:[I;622047902,-1287827610,-1486442346,1676123659]},{AttributeName:\"generic.armor_toughness\",Name:\"generic.armor_toughness\",Slot:\"chest\",Amount:3,Operation:0,UUID:[I;-493115998,-1423947013,-1600184764,-195961718]},{AttributeName:\"generic.knockback_resistance\",Name:\"generic.knockback_resistance\",Slot:\"chest\",Amount:0.1,Operation:0,UUID:[I;-536990262,1379877935,-1936938976,2035377199]}]}"
            },
            {
              "function": "enchant_with_levels",
              "treasure": true,
              "levels": {
                "min": 20,
                "max": 30
              },
              "conditions": [
                {
                  "condition": "random_chance",
                  "chance": 0.75
                }
              ]
            }
          ]
        },
        {
          "type": "item",
          "name": "minecraft:golden_chestplate",
          "weight": 1,
          "functions": [
            {
              "function": "set_nbt",
              "tag": "{Enchantments:[{id:\"minecraft:shinning\",lvl:1}],CustomEnchantments:{LifePlus:5,AntiLagVenom:1,AntiVenom:2},EnchantLimit:2,display:{Lore:[\"{\\\"text\\\":\\\"Life+ V\\\",\\\"color\\\":\\\"gray\\\",\\\"italic\\\":false}\",\"{\\\"text\\\":\\\"Anti-Venom II\\\",\\\"color\\\":\\\"gray\\\",\\\"italic\\\":false}\"]},AttributeModifiers:[{AttributeName:\"generic.max_health\",Name:\"generic.max_health\",Amount:20,Operation:0,UUID:[I;-1807450154,2029798966,-1479006002,322527300],Slot:\"chest\"},{AttributeName:\"generic.armor\",Name:\"generic.armor\",Slot:\"chest\",Amount:8,Operation:0,UUID:[I;622047902,-1287827610,-1486442346,1676123659]},{AttributeName:\"generic.armor_toughness\",Name:\"generic.armor_toughness\",Slot:\"chest\",Amount:3,Operation:0,UUID:[I;-493115998,-1423947013,-1600184764,-195961718]},{AttributeName:\"generic.knockback_resistance\",Name:\"generic.knockback_resistance\",Slot:\"chest\",Amount:0.1,Operation:0,UUID:[I;-536990262,1379877935,-1936938976,2035377199]}]}"
            },
            {
              "function": "enchant_with_levels",
              "treasure": true,
              "levels": {
                "min": 20,
                "max": 30
              },
              "conditions": [
                {
                  "condition": "random_chance",
                  "chance": 0.75
                }
              ]
            }
          ]
        },
        {
          "type": "item",
          "name": "minecraft:golden_chestplate",
          "weight": 2,
          "functions": [
            {
              "function": "set_nbt",
              "tag": "{Enchantments:[{id:\"minecraft:shinning\",lvl:1}],CustomEnchantments:{LifePlus:1,AutoFeed:1},EnchantLimit:2,display:{Lore:[\"{\\\"text\\\":\\\"Life+ I\\\",\\\"color\\\":\\\"gray\\\",\\\"italic\\\":false}\",\"{\\\"text\\\":\\\"Auto-Feed\\\",\\\"color\\\":\\\"gray\\\",\\\"italic\\\":false}\"]},AttributeModifiers:[{AttributeName:\"generic.max_health\",Name:\"generic.max_health\",Amount:4,Operation:0,UUID:[I;-1807450154,2029798966,-1479006002,322527300],Slot:\"chest\"},{AttributeName:\"generic.armor\",Name:\"generic.armor\",Slot:\"chest\",Amount:8,Operation:0,UUID:[I;622047902,-1287827610,-1486442346,1676123659]},{AttributeName:\"generic.armor_toughness\",Name:\"generic.armor_toughness\",Slot:\"chest\",Amount:3,Operation:0,UUID:[I;-493115998,-1423947013,-1600184764,-195961718]},{AttributeName:\"generic.knockback_resistance\",Name:\"generic.knockback_resistance\",Slot:\"chest\",Amount:0.1,Operation:0,UUID:[I;-536990262,1379877935,-1936938976,2035377199]}]}"
            },
            {
              "function": "enchant_with_levels",
              "treasure": true,
              "levels": {
                "min": 20,
                "max": 30
              },
              "conditions": [
                {
                  "condition": "random_chance",
                  "chance": 0.75
                }
              ]
            }
          ]
        },
        {
          "type": "item",
          "name": "minecraft:golden_chestplate",
          "weight": 2,
          "functions": [
            {
              "function": "set_nbt",
              "tag": "{Enchantments:[{id:\"minecraft:shinning\",lvl:1}],CustomEnchantments:{LifePlus:2,AutoFeed:1},EnchantLimit:2,display:{Lore:[\"{\\\"text\\\":\\\"Life+ II\\\",\\\"color\\\":\\\"gray\\\",\\\"italic\\\":false}\",\"{\\\"text\\\":\\\"Auto-Feed\\\",\\\"color\\\":\\\"gray\\\",\\\"italic\\\":false}\"]},AttributeModifiers:[{AttributeName:\"generic.max_health\",Name:\"generic.max_health\",Amount:8,Operation:0,UUID:[I;-1807450154,2029798966,-1479006002,322527300],Slot:\"chest\"},{AttributeName:\"generic.armor\",Name:\"generic.armor\",Slot:\"chest\",Amount:8,Operation:0,UUID:[I;622047902,-1287827610,-1486442346,1676123659]},{AttributeName:\"generic.armor_toughness\",Name:\"generic.armor_toughness\",Slot:\"chest\",Amount:3,Operation:0,UUID:[I;-493115998,-1423947013,-1600184764,-195961718]},{AttributeName:\"generic.knockback_resistance\",Name:\"generic.knockback_resistance\",Slot:\"chest\",Amount:0.1,Operation:0,UUID:[I;-536990262,1379877935,-1936938976,2035377199]}]}"
            },
            {
              "function": "enchant_with_levels",
              "treasure": true,
              "levels": {
                "min": 20,
                "max": 30
              },
              "conditions": [
                {
                  "condition": "random_chance",
                  "chance": 0.75
                }
              ]
            }
          ]
        },
        {
          "type": "item",
          "name": "minecraft:golden_chestplate",
          "weight": 2,
          "functions": [
            {
              "function": "set_nbt",
              "tag": "{Enchantments:[{id:\"minecraft:shinning\",lvl:1}],CustomEnchantments:{LifePlus:3,AutoFeed:1},EnchantLimit:2,display:{Lore:[\"{\\\"text\\\":\\\"Life+ III\\\",\\\"color\\\":\\\"gray\\\",\\\"italic\\\":false}\",\"{\\\"text\\\":\\\"Auto-Feed\\\",\\\"color\\\":\\\"gray\\\",\\\"italic\\\":false}\"]},AttributeModifiers:[{AttributeName:\"generic.max_health\",Name:\"generic.max_health\",Amount:12,Operation:0,UUID:[I;-1807450154,2029798966,-1479006002,322527300],Slot:\"chest\"},{AttributeName:\"generic.armor\",Name:\"generic.armor\",Slot:\"chest\",Amount:8,Operation:0,UUID:[I;622047902,-1287827610,-1486442346,1676123659]},{AttributeName:\"generic.armor_toughness\",Name:\"generic.armor_toughness\",Slot:\"chest\",Amount:3,Operation:0,UUID:[I;-493115998,-1423947013,-1600184764,-195961718]},{AttributeName:\"generic.knockback_resistance\",Name:\"generic.knockback_resistance\",Slot:\"chest\",Amount:0.1,Operation:0,UUID:[I;-536990262,1379877935,-1936938976,2035377199]}]}"
            },
            {
              "function": "enchant_with_levels",
              "treasure": true,
              "levels": {
                "min": 20,
                "max": 30
              },
              "conditions": [
                {
                  "condition": "random_chance",
                  "chance": 0.75
                }
              ]
            }
          ]
        },
        {
          "type": "item",
          "name": "minecraft:golden_chestplate",
          "weight": 1,
          "functions": [
            {
              "function": "set_nbt",
              "tag": "{Enchantments:[{id:\"minecraft:shinning\",lvl:1}],CustomEnchantments:{LifePlus:4,AutoFeed:1},EnchantLimit:2,display:{Lore:[\"{\\\"text\\\":\\\"Life+ IV\\\",\\\"color\\\":\\\"gray\\\",\\\"italic\\\":false}\",\"{\\\"text\\\":\\\"Auto-Feed\\\",\\\"color\\\":\\\"gray\\\",\\\"italic\\\":false}\"]},AttributeModifiers:[{AttributeName:\"generic.max_health\",Name:\"generic.max_health\",Amount:16,Operation:0,UUID:[I;-1807450154,2029798966,-1479006002,322527300],Slot:\"chest\"},{AttributeName:\"generic.armor\",Name:\"generic.armor\",Slot:\"chest\",Amount:8,Operation:0,UUID:[I;622047902,-1287827610,-1486442346,1676123659]},{AttributeName:\"generic.armor_toughness\",Name:\"generic.armor_toughness\",Slot:\"chest\",Amount:3,Operation:0,UUID:[I;-493115998,-1423947013,-1600184764,-195961718]},{AttributeName:\"generic.knockback_resistance\",Name:\"generic.knockback_resistance\",Slot:\"chest\",Amount:0.1,Operation:0,UUID:[I;-536990262,1379877935,-1936938976,2035377199]}]}"
            },
            {
              "function": "enchant_with_levels",
              "treasure": true,
              "levels": {
                "min": 20,
                "max": 30
              },
              "conditions": [
                {
                  "condition": "random_chance",
                  "chance": 0.75
                }
              ]
            }
          ]
        },
        {
          "type": "item",
          "name": "minecraft:golden_chestplate",
          "weight": 1,
          "functions": [
            {
              "function": "set_nbt",
              "tag": "{Enchantments:[{id:\"minecraft:shinning\",lvl:1}],CustomEnchantments:{LifePlus:5,AutoFeed:1},EnchantLimit:2,display:{Lore:[\"{\\\"text\\\":\\\"Life+ V\\\",\\\"color\\\":\\\"gray\\\",\\\"italic\\\":false}\",\"{\\\"text\\\":\\\"Auto-Feed\\\",\\\"color\\\":\\\"gray\\\",\\\"italic\\\":false}\"]},AttributeModifiers:[{AttributeName:\"generic.max_health\",Name:\"generic.max_health\",Amount:20,Operation:0,UUID:[I;-1807450154,2029798966,-1479006002,322527300],Slot:\"chest\"},{AttributeName:\"generic.armor\",Name:\"generic.armor\",Slot:\"chest\",Amount:8,Operation:0,UUID:[I;622047902,-1287827610,-1486442346,1676123659]},{AttributeName:\"generic.armor_toughness\",Name:\"generic.armor_toughness\",Slot:\"chest\",Amount:3,Operation:0,UUID:[I;-493115998,-1423947013,-1600184764,-195961718]},{AttributeName:\"generic.knockback_resistance\",Name:\"generic.knockback_resistance\",Slot:\"chest\",Amount:0.1,Operation:0,UUID:[I;-536990262,1379877935,-1936938976,2035377199]}]}"
            },
            {
              "function": "enchant_with_levels",
              "treasure": true,
              "levels": {
                "min": 20,
                "max": 30
              },
              "conditions": [
                {
                  "condition": "random_chance",
                  "chance": 0.75
                }
              ]
            }
          ]
        },
        {
          "type": "item",
          "name": "minecraft:golden_chestplate",
          "weight": 1,
          "functions": [
            {
              "function": "set_nbt",
              "tag": "{Enchantments:[{id:\"minecraft:shinning\",lvl:1}],CustomEnchantments:{AntiLagVenom:1,AntiVenom:1,AutoFeed:1},EnchantLimit:2,display:{Lore:[\"{\\\"text\\\":\\\"Anti-Venom I\\\",\\\"color\\\":\\\"gray\\\",\\\"italic\\\":false}\",\"{\\\"text\\\":\\\"Auto-Feed\\\",\\\"color\\\":\\\"gray\\\",\\\"italic\\\":false}\"]}}"
            },
            {
              "function": "enchant_with_levels",
              "treasure": true,
              "levels": {
                "min": 20,
                "max": 30
              },
              "conditions": [
                {
                  "condition": "random_chance",
                  "chance": 0.75
                }
              ]
            }
          ]
        },
        {
          "type": "item",
          "name": "minecraft:golden_chestplate",
          "weight": 1,
          "functions": [
            {
              "function": "set_nbt",
              "tag": "{Enchantments:[{id:\"minecraft:shinning\",lvl:1}],CustomEnchantments:{AntiLagVenom:1,AntiVenom:2,AutoFeed:1},EnchantLimit:2,display:{Lore:[\"{\\\"text\\\":\\\"Anti-Venom II\\\",\\\"color\\\":\\\"gray\\\",\\\"italic\\\":false}\",\"{\\\"text\\\":\\\"Auto-Feed\\\",\\\"color\\\":\\\"gray\\\",\\\"italic\\\":false}\"]}}"
            },
            {
              "function": "enchant_with_levels",
              "treasure": true,
              "levels": {
                "min": 20,
                "max": 30
              },
              "conditions": [
                {
                  "condition": "random_chance",
                  "chance": 0.75
                }
              ]
            }
          ]
        },
        {
          "type": "item",
          "name": "minecraft:golden_chestplate",
          "weight": 2,
          "functions": [
            {
              "function": "set_nbt",
              "tag": "{Enchantments:[{id:\"minecraft:shinning\",lvl:1}],CustomEnchantments:{FlamingSkin:1},display:{Lore:[\"{\\\"text\\\":\\\"Flaming Skin\\\",\\\"color\\\":\\\"gray\\\",\\\"italic\\\":false}\"]}}"
            },
            {
              "function": "enchant_with_levels",
              "treasure": true,
              "levels": {
                "min": 20,
                "max": 30
              },
              "conditions": [
                {
                  "condition": "random_chance",
                  "chance": 0.75
                }
              ]
            }
          ]
        },
        {
          "type": "item",
          "name": "minecraft:golden_chestplate",
          "weight": 1,
          "functions": [
            {
              "function": "set_nbt",
              "tag": "{Enchantments:[{id:\"minecraft:shinning\",lvl:1}],CustomEnchantments:{AntiLagVenom:1,AntiVenom:1,FlamingSkin:1},EnchantLimit:2,display:{Lore:[\"{\\\"text\\\":\\\"Anti-Venom I\\\",\\\"color\\\":\\\"gray\\\",\\\"italic\\\":false}\",\"{\\\"text\\\":\\\"Flaming Skin\\\",\\\"color\\\":\\\"gray\\\",\\\"italic\\\":false}\"]}}"
            },
            {
              "function": "enchant_with_levels",
              "treasure": true,
              "levels": {
                "min": 20,
                "max": 30
              },
              "conditions": [
                {
                  "condition": "random_chance",
                  "chance": 0.75
                }
              ]
            }
          ]
        },
        {
          "type": "item",
          "name": "minecraft:golden_chestplate",
          "weight": 1,
          "functions": [
            {
              "function": "set_nbt",
              "tag": "{Enchantments:[{id:\"minecraft:shinning\",lvl:1}],CustomEnchantments:{AntiLagVenom:1,AntiVenom:2,FlamingSkin:1},EnchantLimit:2,display:{Lore:[\"{\\\"text\\\":\\\"Anti-Venom II\\\",\\\"color\\\":\\\"gray\\\",\\\"italic\\\":false}\",\"{\\\"text\\\":\\\"Flaming Skin\\\",\\\"color\\\":\\\"gray\\\",\\\"italic\\\":false}\"]}}"
            },
            {
              "function": "enchant_with_levels",
              "treasure": true,
              "levels": {
                "min": 20,
                "max": 30
              },
              "conditions": [
                {
                  "condition": "random_chance",
                  "chance": 0.75
                }
              ]
            }
          ]
        }
      ]
    }
  ]
}