{
  "pools": [
    {
      "rolls": 1,
      "entries": [
        {
          "type": "item",
          "name": "minecraft:enchanted_book",
          "weight": 3,
          "functions": [
            {
              "function": "set_nbt",
              "tag": "{StoredCustomEnchantments:[{id:\"BrightVision\",lvl:1}],display:{Lore:[\"{\\\"text\\\":\\\"Bright Vision\\\",\\\"color\\\":\\\"gray\\\",\\\"italic\\\":false}\"]}}"
            },
            {
              "function": "enchant_with_levels",
              "treasure": true,
              "levels": {
                "min": 20,
                "max": 30
              },
              "conditions": [
                {
                  "condition": "random_chance",
                  "chance": 0.75
                }
              ]
            }
          ]
        },
        {
          "type": "item",
          "name": "minecraft:enchanted_book",
          "weight": 4,
          "functions": [
            {
              "function": "set_nbt",
              "tag": "{StoredCustomEnchantments:[{id:\"PoisonAspect\",lvl:1}],display:{Lore:[\"{\\\"text\\\":\\\"Poison Aspect I\\\",\\\"color\\\":\\\"gray\\\",\\\"italic\\\":false}\"]}}"
            },
            {
              "function": "enchant_with_levels",
              "treasure": true,
              "levels": {
                "min": 20,
                "max": 30
              },
              "conditions": [
                {
                  "condition": "random_chance",
                  "chance": 0.75
                }
              ]
            }
          ]
        },
        {
          "type": "item",
          "name": "minecraft:enchanted_book",
          "weight": 3,
          "functions": [
            {
              "function": "set_nbt",
              "tag": "{StoredCustomEnchantments:[{id:\"Leaping\",lvl:1}],display:{Lore:[\"{\\\"text\\\":\\\"Leaping I\\\",\\\"color\\\":\\\"gray\\\",\\\"italic\\\":false}\"]}}"
            },
            {
              "function": "enchant_with_levels",
              "treasure": true,
              "levels": {
                "min": 20,
                "max": 30
              },
              "conditions": [
                {
                  "condition": "random_chance",
                  "chance": 0.75
                }
              ]
            }
          ]
        },
        {
          "type": "item",
          "name": "minecraft:enchanted_book",
          "weight": 3,
          "functions": [
            {
              "function": "set_nbt",
              "tag": "{StoredCustomEnchantments:[{id:\"Agility\",lvl:1}],display:{Lore:[\"{\\\"text\\\":\\\"Agility I\\\",\\\"color\\\":\\\"gray\\\",\\\"italic\\\":false}\"]}}"
            },
            {
              "function": "enchant_with_levels",
              "treasure": true,
              "levels": {
                "min": 20,
                "max": 30
              },
              "conditions": [
                {
                  "condition": "random_chance",
                  "chance": 0.75
                }
              ]
            }
          ]
        },
        {
          "type": "item",
          "name": "minecraft:enchanted_book",
          "weight": 3,
          "functions": [
            {
              "function": "set_nbt",
              "tag": "{StoredCustomEnchantments:[{id:\"LifePlus\",lvl:1}],display:{Lore:[\"{\\\"text\\\":\\\"Life+ I\\\",\\\"color\\\":\\\"gray\\\",\\\"italic\\\":false}\"]}}"
            },
            {
              "function": "enchant_with_levels",
              "treasure": true,
              "levels": {
                "min": 20,
                "max": 30
              },
              "conditions": [
                {
                  "condition": "random_chance",
                  "chance": 0.75
                }
              ]
            }
          ]
        },
        {
          "type": "item",
          "name": "minecraft:enchanted_book",
          "weight": 1,
          "functions": [
            {
              "function": "set_nbt",
              "tag": "{StoredCustomEnchantments:[{id:\"Explosive\",lvl:1}],display:{Lore:[\"{\\\"text\\\":\\\"Explosive\\\",\\\"color\\\":\\\"gray\\\",\\\"italic\\\":false}\"]}}"
            },
            {
              "function": "enchant_with_levels",
              "treasure": true,
              "levels": {
                "min": 20,
                "max": 30
              },
              "conditions": [
                {
                  "condition": "random_chance",
                  "chance": 0.75
                }
              ]
            }
          ]
        },
        {
          "type": "item",
          "name": "minecraft:enchanted_book",
          "weight": 2,
          "functions": [
            {
              "function": "set_nbt",
              "tag": "{StoredCustomEnchantments:[{id:\"Haste\",lvl:1}],display:{Lore:[\"{\\\"text\\\":\\\"Haste I\\\",\\\"color\\\":\\\"gray\\\",\\\"italic\\\":false}\"]}}"
            },
            {
              "function": "enchant_with_levels",
              "treasure": true,
              "levels": {
                "min": 20,
                "max": 30
              },
              "conditions": [
                {
                  "condition": "random_chance",
                  "chance": 0.75
                }
              ]
            }
          ]
        },
        {
          "type": "item",
          "name": "minecraft:enchanted_book",
          "weight": 3,
          "functions": [
            {
              "function": "set_nbt",
              "tag": "{StoredCustomEnchantments:[{id:\"Leaping\",lvl:2}],display:{Lore:[\"{\\\"text\\\":\\\"Leaping II\\\",\\\"color\\\":\\\"gray\\\",\\\"italic\\\":false}\"]}}"
            },
            {
              "function": "enchant_with_levels",
              "treasure": true,
              "levels": {
                "min": 20,
                "max": 30
              },
              "conditions": [
                {
                  "condition": "random_chance",
                  "chance": 0.75
                }
              ]
            }
          ]
        },
        {
          "type": "item",
          "name": "minecraft:enchanted_book",
          "weight": 3,
          "functions": [
            {
              "function": "set_nbt",
              "tag": "{StoredCustomEnchantments:[{id:\"Agility\",lvl:2}],display:{Lore:[\"{\\\"text\\\":\\\"Agility II\\\",\\\"color\\\":\\\"gray\\\",\\\"italic\\\":false}\"]}}"
            },
            {
              "function": "enchant_with_levels",
              "treasure": true,
              "levels": {
                "min": 20,
                "max": 30
              },
              "conditions": [
                {
                  "condition": "random_chance",
                  "chance": 0.75
                }
              ]
            }
          ]
        },
        {
          "type": "item",
          "name": "minecraft:enchanted_book",
          "weight": 3,
          "functions": [
            {
              "function": "set_nbt",
              "tag": "{StoredCustomEnchantments:[{id:\"PoisonAspect\",lvl:2}],display:{Lore:[\"{\\\"text\\\":\\\"Poison Aspect II\\\",\\\"color\\\":\\\"gray\\\",\\\"italic\\\":false}\"]}}"
            },
            {
              "function": "enchant_with_levels",
              "treasure": true,
              "levels": {
                "min": 20,
                "max": 30
              },
              "conditions": [
                {
                  "condition": "random_chance",
                  "chance": 0.75
                }
              ]
            }
          ]
        },
        {
          "type": "item",
          "name": "minecraft:enchanted_book",
          "weight": 1,
          "functions": [
            {
              "function": "set_nbt",
              "tag": "{StoredCustomEnchantments:[{id:\"SwimPlus\",lvl:1}],display:{Lore:[\"{\\\"text\\\":\\\"Swim+\\\",\\\"color\\\":\\\"gray\\\",\\\"italic\\\":false}\"]}}"
            },
            {
              "function": "enchant_with_levels",
              "treasure": true,
              "levels": {
                "min": 20,
                "max": 30
              },
              "conditions": [
                {
                  "condition": "random_chance",
                  "chance": 0.75
                }
              ]
            }
          ]
        },
        {
          "type": "item",
          "name": "minecraft:enchanted_book",
          "weight": 3,
          "functions": [
            {
              "function": "set_nbt",
              "tag": "{StoredCustomEnchantments:[{id:\"AntiExplosion\",lvl:1}],display:{Lore:[\"{\\\"text\\\":\\\"Anti-Explosion\\\",\\\"color\\\":\\\"gray\\\",\\\"italic\\\":false}\"]}}"
            },
            {
              "function": "enchant_with_levels",
              "treasure": true,
              "levels": {
                "min": 20,
                "max": 30
              },
              "conditions": [
                {
                  "condition": "random_chance",
                  "chance": 0.75
                }
              ]
            }
          ]
        },
        {
          "type": "item",
          "name": "minecraft:enchanted_book",
          "weight": 2,
          "functions": [
            {
              "function": "set_nbt",
              "tag": "{StoredCustomEnchantments:[{id:\"AutoSmelt\",lvl:1}],display:{Lore:[\"{\\\"text\\\":\\\"Auto-Smelt\\\",\\\"color\\\":\\\"gray\\\",\\\"italic\\\":false}\"]}}"
            },
            {
              "function": "enchant_with_levels",
              "treasure": true,
              "levels": {
                "min": 20,
                "max": 30
              },
              "conditions": [
                {
                  "condition": "random_chance",
                  "chance": 0.75
                }
              ]
            }
          ]
        },
        {
          "type": "item",
          "name": "minecraft:enchanted_book",
          "weight": 2,
          "functions": [
            {
              "function": "set_nbt",
              "tag": "{StoredCustomEnchantments:[{id:\"AccuracyShot\",lvl:1}],display:{Lore:[\"{\\\"text\\\":\\\"Accuracy Shot\\\",\\\"color\\\":\\\"gray\\\",\\\"italic\\\":false}\"]}}"
            },
            {
              "function": "enchant_with_levels",
              "treasure": true,
              "levels": {
                "min": 20,
                "max": 30
              },
              "conditions": [
                {
                  "condition": "random_chance",
                  "chance": 0.75
                }
              ]
            }
          ]
        },
        {
          "type": "item",
          "name": "minecraft:enchanted_book",
          "weight": 2,
          "functions": [
            {
              "function": "set_nbt",
              "tag": "{StoredCustomEnchantments:[{id:\"LavaWalker\",lvl:1}],display:{Lore:[\"{\\\"text\\\":\\\"Lava Walker\\\",\\\"color\\\":\\\"gray\\\",\\\"italic\\\":false}\"]}}"
            },
            {
              "function": "enchant_with_levels",
              "treasure": true,
              "levels": {
                "min": 20,
                "max": 30
              },
              "conditions": [
                {
                  "condition": "random_chance",
                  "chance": 0.75
                }
              ]
            }
          ]
        },
        {
          "type": "item",
          "name": "minecraft:enchanted_book",
          "weight": 3,
          "functions": [
            {
              "function": "set_nbt",
              "tag": "{StoredCustomEnchantments:[{id:\"AntiVenom\",lvl:1}],display:{Lore:[\"{\\\"text\\\":\\\"Anti-Venom I\\\",\\\"color\\\":\\\"gray\\\",\\\"italic\\\":false}\"]}}"
            },
            {
              "function": "enchant_with_levels",
              "treasure": true,
              "levels": {
                "min": 20,
                "max": 30
              },
              "conditions": [
                {
                  "condition": "random_chance",
                  "chance": 0.75
                }
              ]
            }
          ]
        },
        {
          "type": "item",
          "name": "minecraft:enchanted_book",
          "weight": 2,
          "functions": [
            {
              "function": "set_nbt",
              "tag": "{StoredCustomEnchantments:[{id:\"TimeBreaker\",lvl:2}],display:{Lore:[\"{\\\"text\\\":\\\"Time Breaker I\\\",\\\"color\\\":\\\"gray\\\",\\\"italic\\\":false}\"]}}"
            },
            {
              "function": "enchant_with_levels",
              "treasure": true,
              "levels": {
                "min": 20,
                "max": 30
              },
              "conditions": [
                {
                  "condition": "random_chance",
                  "chance": 0.75
                }
              ]
            }
          ]
        },
        {
          "type": "item",
          "name": "minecraft:enchanted_book",
          "weight": 2,
          "functions": [
            {
              "function": "set_nbt",
              "tag": "{StoredCustomEnchantments:[{id:\"Agility\",lvl:3}],display:{Lore:[\"{\\\"text\\\":\\\"Agility III\\\",\\\"color\\\":\\\"gray\\\",\\\"italic\\\":false}\"]}}"
            },
            {
              "function": "enchant_with_levels",
              "treasure": true,
              "levels": {
                "min": 20,
                "max": 30
              },
              "conditions": [
                {
                  "condition": "random_chance",
                  "chance": 0.75
                }
              ]
            }
          ]
        },
        {
          "type": "item",
          "name": "minecraft:enchanted_book",
          "weight": 1,
          "functions": [
            {
              "function": "set_nbt",
              "tag": "{StoredCustomEnchantments:[{id:\"PoisonAspect\",lvl:3}],display:{Lore:[\"{\\\"text\\\":\\\"Poison Aspect III\\\",\\\"color\\\":\\\"gray\\\",\\\"italic\\\":false}\"]}}"
            },
            {
              "function": "enchant_with_levels",
              "treasure": true,
              "levels": {
                "min": 20,
                "max": 30
              },
              "conditions": [
                {
                  "condition": "random_chance",
                  "chance": 0.75
                }
              ]
            }
          ]
        },
        {
          "type": "item",
          "name": "minecraft:enchanted_book",
          "weight": 2,
          "functions": [
            {
              "function": "set_nbt",
              "tag": "{StoredCustomEnchantments:[{id:\"Leaping\",lvl:3}],display:{Lore:[\"{\\\"text\\\":\\\"Leaping III\\\",\\\"color\\\":\\\"gray\\\",\\\"italic\\\":false}\"]}}"
            },
            {
              "function": "enchant_with_levels",
              "treasure": true,
              "levels": {
                "min": 20,
                "max": 30
              },
              "conditions": [
                {
                  "condition": "random_chance",
                  "chance": 0.75
                }
              ]
            }
          ]
        },
        {
          "type": "item",
          "name": "minecraft:enchanted_book",
          "weight": 1,
          "functions": [
            {
              "function": "set_nbt",
              "tag": "{StoredCustomEnchantments:[{id:\"AntiVenom\",lvl:2}],display:{Lore:[\"{\\\"text\\\":\\\"Anti-Venom II\\\",\\\"color\\\":\\\"gray\\\",\\\"italic\\\":false}\"]}}"
            },
            {
              "function": "enchant_with_levels",
              "treasure": true,
              "levels": {
                "min": 20,
                "max": 30
              },
              "conditions": [
                {
                  "condition": "random_chance",
                  "chance": 0.75
                }
              ]
            }
          ]
        },
        {
          "type": "item",
          "name": "minecraft:enchanted_book",
          "weight": 2,
          "functions": [
            {
              "function": "set_nbt",
              "tag": "{StoredCustomEnchantments:[{id:\"LifePlus\",lvl:2}],display:{Lore:[\"{\\\"text\\\":\\\"Life+ II\\\",\\\"color\\\":\\\"gray\\\",\\\"italic\\\":false}\"]}}"
            },
            {
              "function": "enchant_with_levels",
              "treasure": true,
              "levels": {
                "min": 20,
                "max": 30
              },
              "conditions": [
                {
                  "condition": "random_chance",
                  "chance": 0.75
                }
              ]
            }
          ]
        },
        {
          "type": "item",
          "name": "minecraft:enchanted_book",
          "weight": 3,
          "functions": [
            {
              "function": "set_nbt",
              "tag": "{StoredCustomEnchantments:[{id:\"XpBoost\",lvl:1}],display:{Lore:[\"{\\\"text\\\":\\\"Xp Boost I\\\",\\\"color\\\":\\\"gray\\\",\\\"italic\\\":false}\"]}}"
            },
            {
              "function": "enchant_with_levels",
              "treasure": true,
              "levels": {
                "min": 20,
                "max": 30
              },
              "conditions": [
                {
                  "condition": "random_chance",
                  "chance": 0.75
                }
              ]
            }
          ]
        },
        {
          "type": "item",
          "name": "minecraft:enchanted_book",
          "weight": 3,
          "functions": [
            {
              "function": "set_nbt",
              "tag": "{StoredCustomEnchantments:[{id:\"XpBoost\",lvl:2}],display:{Lore:[\"{\\\"text\\\":\\\"Xp Boost II\\\",\\\"color\\\":\\\"gray\\\",\\\"italic\\\":false}\"]}}"
            },
            {
              "function": "enchant_with_levels",
              "treasure": true,
              "levels": {
                "min": 20,
                "max": 30
              },
              "conditions": [
                {
                  "condition": "random_chance",
                  "chance": 0.75
                }
              ]
            }
          ]
        },
        {
          "type": "item",
          "name": "minecraft:enchanted_book",
          "weight": 1,
          "functions": [
            {
              "function": "set_nbt",
              "tag": "{StoredCustomEnchantments:[{id:\"LifePlus\",lvl:3}],display:{Lore:[\"{\\\"text\\\":\\\"Life+ III\\\",\\\"color\\\":\\\"gray\\\",\\\"italic\\\":false}\"]}}"
            },
            {
              "function": "enchant_with_levels",
              "treasure": true,
              "levels": {
                "min": 20,
                "max": 30
              },
              "conditions": [
                {
                  "condition": "random_chance",
                  "chance": 0.75
                }
              ]
            }
          ]
        },
        {
          "type": "item",
          "name": "minecraft:enchanted_book",
          "weight": 1,
          "functions": [
            {
              "function": "set_nbt",
              "tag": "{StoredCustomEnchantments:[{id:\"LifePlus\",lvl:4}],display:{Lore:[\"{\\\"text\\\":\\\"Life+ IV\\\",\\\"color\\\":\\\"gray\\\",\\\"italic\\\":false}\"]}}"
            },
            {
              "function": "enchant_with_levels",
              "treasure": true,
              "levels": {
                "min": 20,
                "max": 30
              },
              "conditions": [
                {
                  "condition": "random_chance",
                  "chance": 0.75
                }
              ]
            }
          ]
        },
        {
          "type": "item",
          "name": "minecraft:enchanted_book",
          "weight": 3,
          "functions": [
            {
              "function": "set_nbt",
              "tag": "{StoredCustomEnchantments:[{id:\"VeinMiner\",lvl:1}],display:{Lore:[\"{\\\"text\\\":\\\"Vein Miner\\\",\\\"color\\\":\\\"gray\\\",\\\"italic\\\":false}\"]}}"
            },
            {
              "function": "enchant_with_levels",
              "treasure": true,
              "levels": {
                "min": 20,
                "max": 30
              },
              "conditions": [
                {
                  "condition": "random_chance",
                  "chance": 0.75
                }
              ]
            }
          ]
        },
        {
          "type": "item",
          "name": "minecraft:enchanted_book",
          "weight": 1,
          "functions": [
            {
              "function": "set_nbt",
              "tag": "{StoredCustomEnchantments:[{id:\"LifePlus\",lvl:5}],display:{Lore:[\"{\\\"text\\\":\\\"Life+ V\\\",\\\"color\\\":\\\"gray\\\",\\\"italic\\\":false}\"]}}"
            },
            {
              "function": "enchant_with_levels",
              "treasure": true,
              "levels": {
                "min": 20,
                "max": 30
              },
              "conditions": [
                {
                  "condition": "random_chance",
                  "chance": 0.75
                }
              ]
            }
          ]
        },
        {
          "type": "item",
          "name": "minecraft:enchanted_book",
          "weight": 1,
          "functions": [
            {
              "function": "set_nbt",
              "tag": "{StoredCustomEnchantments:[{id:\"SkyWalk\",lvl:1}],display:{Lore:[\"{\\\"text\\\":\\\"Sky Walk\\\",\\\"color\\\":\\\"gray\\\",\\\"italic\\\":false}\"]}}"
            },
            {
              "function": "enchant_with_levels",
              "treasure": true,
              "levels": {
                "min": 20,
                "max": 30
              },
              "conditions": [
                {
                  "condition": "random_chance",
                  "chance": 0.75
                }
              ]
            }
          ]
        },
        {
          "type": "item",
          "name": "minecraft:enchanted_book",
          "weight": 1,
          "functions": [
            {
              "function": "set_nbt",
              "tag": "{StoredCustomEnchantments:[{id:\"MiningPlus\",lvl:1}],display:{Lore:[\"{\\\"text\\\":\\\"Mining+\\\",\\\"color\\\":\\\"gray\\\",\\\"italic\\\":false}\"]}}"
            },
            {
              "function": "enchant_with_levels",
              "treasure": true,
              "levels": {
                "min": 20,
                "max": 30
              },
              "conditions": [
                {
                  "condition": "random_chance",
                  "chance": 0.75
                }
              ]
            }
          ]
        },
        {
          "type": "item",
          "name": "minecraft:enchanted_book",
          "weight": 1,
          "functions": [
            {
              "function": "set_nbt",
              "tag": "{StoredCustomEnchantments:[{id:\"TimeBreaker\",lvl:2}],display:{Lore:[\"{\\\"text\\\":\\\"Time Breaker II\\\",\\\"color\\\":\\\"gray\\\",\\\"italic\\\":false}\"]}}"
            },
            {
              "function": "enchant_with_levels",
              "treasure": true,
              "levels": {
                "min": 20,
                "max": 30
              },
              "conditions": [
                {
                  "condition": "random_chance",
                  "chance": 0.75
                }
              ]
            }
          ]
        },
        {
          "type": "item",
          "name": "minecraft:enchanted_book",
          "weight": 1,
          "functions": [
            {
              "function": "set_nbt",
              "tag": "{StoredCustomEnchantments:[{id:\"LifeSteal\",lvl:1}],display:{Lore:[\"{\\\"text\\\":\\\"Life Steal\\\",\\\"color\\\":\\\"gray\\\",\\\"italic\\\":false}\"]}}"
            },
            {
              "function": "enchant_with_levels",
              "treasure": true,
              "levels": {
                "min": 20,
                "max": 30
              },
              "conditions": [
                {
                  "condition": "random_chance",
                  "chance": 0.75
                }
              ]
            }
          ]
        },
        {
          "type": "item",
          "name": "minecraft:enchanted_book",
          "weight": 2,
          "functions": [
            {
              "function": "set_nbt",
              "tag": "{StoredCustomEnchantments:[{id:\"AutoFeed\",lvl:1}],display:{Lore:[\"{\\\"text\\\":\\\"Auto-Feed\\\",\\\"color\\\":\\\"gray\\\",\\\"italic\\\":false}\"]}}"
            },
            {
              "function": "enchant_with_levels",
              "treasure": true,
              "levels": {
                "min": 20,
                "max": 30
              },
              "conditions": [
                {
                  "condition": "random_chance",
                  "chance": 0.75
                }
              ]
            }
          ]
        },
        {
          "type": "item",
          "name": "minecraft:enchanted_book",
          "weight": 2,
          "functions": [
            {
              "function": "set_nbt",
              "tag": "{StoredCustomEnchantments:[{id:\"BloodyBlade\",lvl:1}],display:{Lore:[\"{\\\"text\\\":\\\"Bloody Blade\\\",\\\"color\\\":\\\"gray\\\",\\\"italic\\\":false}\"]}}"
            },
            {
              "function": "enchant_with_levels",
              "treasure": true,
              "levels": {
                "min": 20,
                "max": 30
              },
              "conditions": [
                {
                  "condition": "random_chance",
                  "chance": 0.75
                }
              ]
            }
          ]
        },
        {
          "type": "item",
          "name": "minecraft:enchanted_book",
          "weight": 2,
          "functions": [
            {
              "function": "set_nbt",
              "tag": "{StoredCustomEnchantments:[{id:\"AttackSpeed\",lvl:1}],display:{Lore:[\"{\\\"text\\\":\\\"Attack Speed I\\\",\\\"color\\\":\\\"gray\\\",\\\"italic\\\":false}\"]}}"
            },
            {
              "function": "enchant_with_levels",
              "treasure": true,
              "levels": {
                "min": 20,
                "max": 30
              },
              "conditions": [
                {
                  "condition": "random_chance",
                  "chance": 0.75
                }
              ]
            }
          ]
        },
        {
          "type": "item",
          "name": "minecraft:enchanted_book",
          "weight": 2,
          "functions": [
            {
              "function": "set_nbt",
              "tag": "{StoredCustomEnchantments:[{id:\"AttackSpeed\",lvl:2}],display:{Lore:[\"{\\\"text\\\":\\\"Attack Speed II\\\",\\\"color\\\":\\\"gray\\\",\\\"italic\\\":false}\"]}}"
            },
            {
              "function": "enchant_with_levels",
              "treasure": true,
              "levels": {
                "min": 20,
                "max": 30
              },
              "conditions": [
                {
                  "condition": "random_chance",
                  "chance": 0.75
                }
              ]
            }
          ]
        },
        {
          "type": "item",
          "name": "minecraft:enchanted_book",
          "weight": 2,
          "functions": [
            {
              "function": "set_nbt",
              "tag": "{StoredCustomEnchantments:[{id:\"AttackSpeed\",lvl:3}],display:{Lore:[\"{\\\"text\\\":\\\"Attack Speed III\\\",\\\"color\\\":\\\"gray\\\",\\\"italic\\\":false}\"]}}"
            },
            {
              "function": "enchant_with_levels",
              "treasure": true,
              "levels": {
                "min": 20,
                "max": 30
              },
              "conditions": [
                {
                  "condition": "random_chance",
                  "chance": 0.75
                }
              ]
            }
          ]
        },
        {
          "type": "item",
          "name": "minecraft:enchanted_book",
          "weight": 2,
          "functions": [
            {
              "function": "set_nbt",
              "tag": "{StoredCustomEnchantments:[{id:\"LastLife\",lvl:1}],display:{Lore:[\"{\\\"text\\\":\\\"Last Life\\\",\\\"color\\\":\\\"gray\\\",\\\"italic\\\":false}\"]}}"
            },
            {
              "function": "enchant_with_levels",
              "treasure": true,
              "levels": {
                "min": 20,
                "max": 30
              },
              "conditions": [
                {
                  "condition": "random_chance",
                  "chance": 0.75
                }
              ]
            }
          ]
        },
        {
          "type": "item",
          "name": "minecraft:enchanted_book",
          "weight": 2,
          "functions": [
            {
              "function": "set_nbt",
              "tag": "{StoredCustomEnchantments:[{id:\"AntiKnockback\",lvl:1}],display:{Lore:[\"{\\\"text\\\":\\\"Anti-Knockback\\\",\\\"color\\\":\\\"gray\\\",\\\"italic\\\":false}\"]}}"
            },
            {
              "function": "enchant_with_levels",
              "treasure": true,
              "levels": {
                "min": 20,
                "max": 30
              },
              "conditions": [
                {
                  "condition": "random_chance",
                  "chance": 0.75
                }
              ]
            }
          ]
        },
        {
          "type": "item",
          "name": "minecraft:enchanted_book",
          "weight": 1,
          "functions": [
            {
              "function": "set_nbt",
              "tag": "{StoredCustomEnchantments:[{id:\"Timber\",lvl:1}],display:{Lore:[\"{\\\"text\\\":\\\"Timber\\\",\\\"color\\\":\\\"gray\\\",\\\"italic\\\":false}\"]}}"
            },
            {
              "function": "enchant_with_levels",
              "treasure": true,
              "levels": {
                "min": 20,
                "max": 30
              },
              "conditions": [
                {
                  "condition": "random_chance",
                  "chance": 0.75
                }
              ]
            }
          ]
        },
        {
          "type": "item",
          "name": "minecraft:enchanted_book",
          "weight": 2,
          "functions": [
            {
              "function": "set_nbt",
              "tag": "{StoredCustomEnchantments:[{id:\"Haste\",lvl:2}],display:{Lore:[\"{\\\"text\\\":\\\"Haste II\\\",\\\"color\\\":\\\"gray\\\",\\\"italic\\\":false}\"]}}"
            },
            {
              "function": "enchant_with_levels",
              "treasure": true,
              "levels": {
                "min": 20,
                "max": 30
              },
              "conditions": [
                {
                  "condition": "random_chance",
                  "chance": 0.75
                }
              ]
            }
          ]
        },
        {
          "type": "item",
          "name": "minecraft:enchanted_book",
          "weight": 1,
          "functions": [
            {
              "function": "set_nbt",
              "tag": "{StoredCustomEnchantments:[{id:\"Replant\",lvl:1}],display:{Lore:[\"{\\\"text\\\":\\\"Replant\\\",\\\"color\\\":\\\"gray\\\",\\\"italic\\\":false}\"]}}"
            },
            {
              "function": "enchant_with_levels",
              "treasure": true,
              "levels": {
                "min": 20,
                "max": 30
              },
              "conditions": [
                {
                  "condition": "random_chance",
                  "chance": 0.75
                }
              ]
            }
          ]
        },
        {
          "type": "item",
          "name": "minecraft:enchanted_book",
          "weight": 2,
          "functions": [
            {
              "function": "set_nbt",
              "tag": "{StoredCustomEnchantments:[{id:\"GrandTilling\",lvl:1}],display:{Lore:[\"{\\\"text\\\":\\\"Grand Tilling\\\",\\\"color\\\":\\\"gray\\\",\\\"italic\\\":false}\"]}}"
            },
            {
              "function": "enchant_with_levels",
              "treasure": true,
              "levels": {
                "min": 20,
                "max": 30
              },
              "conditions": [
                {
                  "condition": "random_chance",
                  "chance": 0.75
                }
              ]
            }
          ]
        },
        {
          "type": "item",
          "name": "minecraft:enchanted_book",
          "weight": 2,
          "functions": [
            {
              "function": "set_nbt",
              "tag": "{StoredCustomEnchantments:[{id:\"BigPath\",lvl:1}],display:{Lore:[\"{\\\"text\\\":\\\"Big Path\\\",\\\"color\\\":\\\"gray\\\",\\\"italic\\\":false}\"]}}"
            },
            {
              "function": "enchant_with_levels",
              "treasure": true,
              "levels": {
                "min": 7,
                "max": 10
              },
              "conditions": [
                {
                  "condition": "random_chance",
                  "chance": 0.75
                }
              ]
            }
          ]
        },
        {
          "type": "item",
          "name": "minecraft:enchanted_book",
          "weight": 1,
          "functions": [
            {
              "function": "set_nbt",
              "tag": "{StoredCustomEnchantments:[{id:\"Excavator\",lvl:1}],display:{Lore:[\"{\\\"text\\\":\\\"Excavator\\\",\\\"color\\\":\\\"gray\\\",\\\"italic\\\":false}\"]}}"
            },
            {
              "function": "enchant_with_levels",
              "treasure": true,
              "levels": {
                "min": 7,
                "max": 10
              },
              "conditions": [
                {
                  "condition": "random_chance",
                  "chance": 0.75
                }
              ]
            }
          ]
        },
        {
          "type": "item",
          "name": "minecraft:enchanted_book",
          "weight": 1,
          "functions": [
            {
              "function": "set_nbt",
              "tag": "{StoredCustomEnchantments:[{id:\"Chopping\",lvl:1}],display:{Lore:[\"{\\\"text\\\":\\\"Chopping\\\",\\\"color\\\":\\\"gray\\\",\\\"italic\\\":false}\"]}}"
            },
            {
              "function": "enchant_with_levels",
              "treasure": true,
              "levels": {
                "min": 7,
                "max": 10
              },
              "conditions": [
                {
                  "condition": "random_chance",
                  "chance": 0.75
                }
              ]
            }
          ]
        },
        {
          "type": "item",
          "name": "minecraft:enchanted_book",
          "weight": 2,
          "functions": [
            {
              "function": "set_nbt",
              "tag": "{StoredCustomEnchantments:[{id:\"Arachnid\",lvl:1}],display:{Lore:[\"{\\\"text\\\":\\\"Arachnid\\\",\\\"color\\\":\\\"gray\\\",\\\"italic\\\":false}\"]}}"
            },
            {
              "function": "enchant_with_levels",
              "treasure": true,
              "levels": {
                "min": 7,
                "max": 10
              },
              "conditions": [
                {
                  "condition": "random_chance",
                  "chance": 0.75
                }
              ]
            }
          ]
        },
        {
          "type": "item",
          "name": "minecraft:enchanted_book",
          "weight": 2,
          "functions": [
            {
              "function": "set_nbt",
              "tag": "{StoredCustomEnchantments:[{id:\"ShockFangs\",lvl:1}],display:{Lore:[\"{\\\"text\\\":\\\"Shock Fangs\\\",\\\"color\\\":\\\"gray\\\",\\\"italic\\\":false}\"]}}"
            },
            {
              "function": "enchant_with_levels",
              "treasure": true,
              "levels": {
                "min": 7,
                "max": 10
              },
              "conditions": [
                {
                  "condition": "random_chance",
                  "chance": 0.75
                }
              ]
            }
          ]
        },
        {
          "type": "item",
          "name": "minecraft:enchanted_book",
          "weight": 3,
          "functions": [
            {
              "function": "set_nbt",
              "tag": "{StoredCustomEnchantments:[{id:\"Sniper\",lvl:1}],display:{Lore:[\"{\\\"text\\\":\\\"Sniper\\\",\\\"color\\\":\\\"gray\\\",\\\"italic\\\":false}\"]}}"
            },
            {
              "function": "enchant_with_levels",
              "treasure": true,
              "levels": {
                "min": 7,
                "max": 10
              },
              "conditions": [
                {
                  "condition": "random_chance",
                  "chance": 0.75
                }
              ]
            }
          ]
        },
        {
          "type": "item",
          "name": "minecraft:enchanted_book",
          "weight": 2,
          "functions": [
            {
              "function": "set_nbt",
              "tag": "{StoredCustomEnchantments:[{id:\"FireballWave\",lvl:1}],display:{Lore:[\"{\\\"text\\\":\\\"Fireball Wave\\\",\\\"color\\\":\\\"gray\\\",\\\"italic\\\":false}\"]}}"
            },
            {
              "function": "enchant_with_levels",
              "treasure": true,
              "levels": {
                "min": 7,
                "max": 10
              },
              "conditions": [
                {
                  "condition": "random_chance",
                  "chance": 0.75
                }
              ]
            }
          ]
        },
        {
          "type": "item",
          "name": "minecraft:enchanted_book",
          "weight": 2,
          "functions": [
            {
              "function": "set_nbt",
              "tag": "{StoredCustomEnchantments:[{id:\"Recovery\",lvl:1}],display:{Lore:[\"{\\\"text\\\":\\\"Recovery I\\\",\\\"color\\\":\\\"gray\\\",\\\"italic\\\":false}\"]}}"
            },
            {
              "function": "enchant_with_levels",
              "treasure": true,
              "levels": {
                "min": 7,
                "max": 10
              },
              "conditions": [
                {
                  "condition": "random_chance",
                  "chance": 0.75
                }
              ]
            }
          ]
        },
        {
          "type": "item",
          "name": "minecraft:enchanted_book",
          "weight": 3,
          "functions": [
            {
              "function": "set_nbt",
              "tag": "{StoredCustomEnchantments:[{id:\"Recovery\",lvl:2}],display:{Lore:[\"{\\\"text\\\":\\\"Recovery II\\\",\\\"color\\\":\\\"gray\\\",\\\"italic\\\":false}\"]}}"
            },
            {
              "function": "enchant_with_levels",
              "treasure": true,
              "levels": {
                "min": 7,
                "max": 10
              },
              "conditions": [
                {
                  "condition": "random_chance",
                  "chance": 0.75
                }
              ]
            }
          ]
        },
        {
          "type": "item",
          "name": "minecraft:enchanted_book",
          "weight": 1,
          "functions": [
            {
              "function": "set_nbt",
              "tag": "{StoredCustomEnchantments:[{id:\"LastStand\",lvl:1}],display:{Lore:[\"{\\\"text\\\":\\\"Last Stand\\\",\\\"color\\\":\\\"gray\\\",\\\"italic\\\":false}\"]}}"
            },
            {
              "function": "enchant_with_levels",
              "treasure": true,
              "levels": {
                "min": 7,
                "max": 10
              },
              "conditions": [
                {
                  "condition": "random_chance",
                  "chance": 0.75
                }
              ]
            }
          ]
        },
        {
          "type": "item",
          "name": "minecraft:enchanted_book",
          "weight": 2,
          "functions": [
            {
              "function": "set_nbt",
              "tag": "{StoredCustomEnchantments:[{id:\"HarvestingPlus\",lvl:1}],display:{Lore:[\"{\\\"text\\\":\\\"Harvesting +\\\",\\\"color\\\":\\\"gray\\\",\\\"italic\\\":false}\"]}}"
            },
            {
              "function": "enchant_with_levels",
              "treasure": true,
              "levels": {
                "min": 7,
                "max": 10
              },
              "conditions": [
                {
                  "condition": "random_chance",
                  "chance": 0.75
                }
              ]
            }
          ]
        },
        {
          "type": "item",
          "name": "minecraft:enchanted_book",
          "weight": 2,
          "functions": [
            {
              "function": "set_nbt",
              "tag": "{StoredCustomEnchantments:[{id:\"FlamingSkin\",lvl:1}],display:{Lore:[\"{\\\"text\\\":\\\"Flaming Skin\\\",\\\"color\\\":\\\"gray\\\",\\\"italic\\\":false}\"]}}"
            },
            {
              "function": "enchant_with_levels",
              "treasure": true,
              "levels": {
                "min": 7,
                "max": 10
              },
              "conditions": [
                {
                  "condition": "random_chance",
                  "chance": 0.75
                }
              ]
            }
          ]
        },
        {
          "type": "item",
          "name": "minecraft:enchanted_book",
          "weight": 2,
          "functions": [
            {
              "function": "set_nbt",
              "tag": "{StoredCustomEnchantments:[{id:\"MarineGrace\",lvl:1}],display:{Lore:[\"{\\\"text\\\":\\\"Marine Grace I\\\",\\\"color\\\":\\\"gray\\\",\\\"italic\\\":false}\"]}}"
            },
            {
              "function": "enchant_with_levels",
              "treasure": true,
              "levels": {
                "min": 7,
                "max": 10
              },
              "conditions": [
                {
                  "condition": "random_chance",
                  "chance": 0.75
                }
              ]
            }
          ]
        },
        {
          "type": "item",
          "name": "minecraft:enchanted_book",
          "weight": 2,
          "functions": [
            {
              "function": "set_nbt",
              "tag": "{StoredCustomEnchantments:[{id:\"MarineGrace\",lvl:2}],display:{Lore:[\"{\\\"text\\\":\\\"Marine Grace II\\\",\\\"color\\\":\\\"gray\\\",\\\"italic\\\":false}\"]}}"
            },
            {
              "function": "enchant_with_levels",
              "treasure": true,
              "levels": {
                "min": 7,
                "max": 10
              },
              "conditions": [
                {
                  "condition": "random_chance",
                  "chance": 0.75
                }
              ]
            }
          ]
        },
        {
          "type": "item",
          "name": "minecraft:enchanted_book",
          "weight": 2,
          "functions": [
            {
              "function": "set_nbt",
              "tag": "{StoredCustomEnchantments:[{id:\"Waterjet\",lvl:1}],display:{Lore:[\"{\\\"text\\\":\\\"Waterjet\\\",\\\"color\\\":\\\"gray\\\",\\\"italic\\\":false}\"]}}"
            },
            {
              "function": "enchant_with_levels",
              "treasure": true,
              "levels": {
                "min": 7,
                "max": 10
              },
              "conditions": [
                {
                  "condition": "random_chance",
                  "chance": 0.75
                }
              ]
            }
          ]
        }
      ]
    }
  ]
}