{
  "pools": [
    {
      "rolls": 1,
      "entries": [
        {
          "type": "item",
          "name": "minecraft:trident",
          "weight": 2,
          "functions": [
            {
              "function": "set_nbt",
              "tag": "{Enchantments:[{id:\"minecraft:shinning\",lvl:1}],CustomEnchantments:{XpBoost:1,AntiLagXpBoost:1},display:{Lore:[\"{\\\"text\\\":\\\"XpBoost I\\\",\\\"color\\\":\\\"gray\\\",\\\"italic\\\":false}\"]}}"
            },
            {
              "function": "enchant_with_levels",
              "treasure": true,
              "levels": {
                "min": 15,
                "max": 20
              },
              "conditions": [
                {
                  "condition": "random_chance",
                  "chance": 0.75
                }
              ]
            }
          ]
        },
        {
          "type": "item",
          "name": "minecraft:trident",
          "weight": 2,
          "functions": [
            {
              "function": "set_nbt",
              "tag": "{Enchantments:[{id:\"minecraft:shinning\",lvl:1}],CustomEnchantments:{XpBoost:2,AntiLagXpBoost:1},display:{Lore:[\"{\\\"text\\\":\\\"XpBoost II\\\",\\\"color\\\":\\\"gray\\\",\\\"italic\\\":false}\"]}}"
            },
            {
              "function": "enchant_with_levels",
              "treasure": true,
              "levels": {
                "min": 15,
                "max": 20
              },
              "conditions": [
                {
                  "condition": "random_chance",
                  "chance": 0.75
                }
              ]
            }
          ]
        },
        {
          "type": "item",
          "name": "minecraft:trident",
          "weight": 2,
          "functions": [
            {
              "function": "set_nbt",
              "tag": "{Enchantments:[{id:\"minecraft:shinning\",lvl:1}],CustomEnchantments:{AntiLagPoison:1,PoisonAspect:1},display:{Lore:[\"{\\\"text\\\":\\\"Poison Aspect I\\\",\\\"color\\\":\\\"gray\\\",\\\"italic\\\":false}\"]}}"
            },
            {
              "function": "enchant_with_levels",
              "treasure": true,
              "levels": {
                "min": 15,
                "max": 20
              },
              "conditions": [
                {
                  "condition": "random_chance",
                  "chance": 0.75
                }
              ]
            }
          ]
        },
        {
          "type": "item",
          "name": "minecraft:trident",
          "weight": 2,
          "functions": [
            {
              "function": "set_nbt",
              "tag": "{Enchantments:[{id:\"minecraft:shinning\",lvl:1}],CustomEnchantments:{AntiLagPoison:1,PoisonAspect:2},display:{Lore:[\"{\\\"text\\\":\\\"Poison Aspect II\\\",\\\"color\\\":\\\"gray\\\",\\\"italic\\\":false}\"]}}"
            },
            {
              "function": "enchant_with_levels",
              "treasure": true,
              "levels": {
                "min": 15,
                "max": 20
              },
              "conditions": [
                {
                  "condition": "random_chance",
                  "chance": 0.75
                }
              ]
            }
          ]
        },
        {
          "type": "item",
          "name": "minecraft:trident",
          "weight": 3,
          "functions": [
            {
              "function": "set_nbt",
              "tag": "{Enchantments:[{id:\"minecraft:shinning\",lvl:1}],CustomEnchantments:{AntiLagMarine:1,MarineGrace:1},display:{Lore:[\"{\\\"text\\\":\\\"Marine Grace I\\\",\\\"color\\\":\\\"gray\\\",\\\"italic\\\":false}\"]}}"
            },
            {
              "function": "enchant_with_levels",
              "treasure": true,
              "levels": {
                "min": 7,
                "max": 10
              },
              "conditions": [
                {
                  "condition": "random_chance",
                  "chance": 0.75
                }
              ]
            }
          ]
        },
        {
          "type": "item",
          "name": "minecraft:trident",
          "weight": 3,
          "functions": [
            {
              "function": "set_nbt",
              "tag": "{Enchantments:[{id:\"minecraft:shinning\",lvl:1}],CustomEnchantments:{AntiLagMarine:1,MarineGrace:2},display:{Lore:[\"{\\\"text\\\":\\\"Marine Grace II\\\",\\\"color\\\":\\\"gray\\\",\\\"italic\\\":false}\"]}}"
            },
            {
              "function": "enchant_with_levels",
              "treasure": true,
              "levels": {
                "min": 7,
                "max": 10
              },
              "conditions": [
                {
                  "condition": "random_chance",
                  "chance": 0.75
                }
              ]
            }
          ]
        },
        {
          "type": "item",
          "name": "minecraft:trident",
          "weight": 2,
          "functions": [
            {
              "function": "set_nbt",
              "tag": "{Enchantments:[{id:\"minecraft:shinning\",lvl:1}],CustomEnchantments:{AttackSpeed:1},display:{Lore:[\"{\\\"text\\\":\\\"AttaAttack Speed I\\\",\\\"color\\\":\\\"gray\\\",\\\"italic\\\":false}\"]},AttributeModifiers:[{AttributeName:\"generic.attack_damage\",Name:\"generic.attack_damage\",Slot:\"mainhand\",Amount:9,Operation:0,UUID:[I;77481627,-1623700219,-1168109781,568412412]},{AttributeName:\"generic.attack_speed\",Name:\"generic.attack_speed\",Slot:\"mainhand\",Amount:1.9,Operation:0,UUID:[I;482155537,1676954367,-1298051121,660464404]}]}"
            },
            {
              "function": "enchant_with_levels",
              "treasure": true,
              "levels": {
                "min": 15,
                "max": 20
              },
              "conditions": [
                {
                  "condition": "random_chance",
                  "chance": 0.75
                }
              ]
            }
          ]
        },
        {
          "type": "item",
          "name": "minecraft:trident",
          "weight": 2,
          "functions": [
            {
              "function": "set_nbt",
              "tag": "{Enchantments:[{id:\"minecraft:shinning\",lvl:1}],CustomEnchantments:{AttackSpeed:2},display:{Lore:[\"{\\\"text\\\":\\\"AttaAttack Speed II\\\",\\\"color\\\":\\\"gray\\\",\\\"italic\\\":false}\"]},AttributeModifiers:[{AttributeName:\"generic.attack_damage\",Name:\"generic.attack_damage\",Slot:\"mainhand\",Amount:9,Operation:0,UUID:[I;77481627,-1623700219,-1168109781,568412412]},{AttributeName:\"generic.attack_speed\",Name:\"generic.attack_speed\",Slot:\"mainhand\",Amount:2.2,Operation:0,UUID:[I;482155537,1676954367,-1298051121,660464404]}]}"
            },
            {
              "function": "enchant_with_levels",
              "treasure": true,
              "levels": {
                "min": 15,
                "max": 20
              },
              "conditions": [
                {
                  "condition": "random_chance",
                  "chance": 0.75
                }
              ]
            }
          ]
        },
        {
          "type": "item",
          "name": "minecraft:trident",
          "weight": 1,
          "functions": [
            {
              "function": "set_nbt",
              "tag": "{Enchantments:[{id:\"minecraft:shinning\",lvl:1}],CustomEnchantments:{AntiLagPoison:1,PoisonAspect:1,AttackSpeed:1},EnchantLimit:2,display:{Lore:[\"{\\\"text\\\":\\\"Poison Aspect I\\\",\\\"color\\\":\\\"gray\\\",\\\"italic\\\":false}\",\"{\\\"text\\\":\\\"Attack Speed I\\\",\\\"color\\\":\\\"gray\\\",\\\"italic\\\":false}\"]},AttributeModifiers:[{AttributeName:\"generic.attack_damage\",Name:\"generic.attack_damage\",Slot:\"mainhand\",Amount:9,Operation:0,UUID:[I;77481627,-1623700219,-1168109781,568412412]},{AttributeName:\"generic.attack_speed\",Name:\"generic.attack_speed\",Slot:\"mainhand\",Amount:1.9,Operation:0,UUID:[I;482155537,1676954367,-1298051121,660464404]}]}"
            },
            {
              "function": "enchant_with_levels",
              "treasure": true,
              "levels": {
                "min": 15,
                "max": 20
              },
              "conditions": [
                {
                  "condition": "random_chance",
                  "chance": 0.75
                }
              ]
            }
          ]
        },
        {
          "type": "item",
          "name": "minecraft:trident",
          "weight": 1,
          "functions": [
            {
              "function": "set_nbt",
              "tag": "{Enchantments:[{id:\"minecraft:shinning\",lvl:1}],CustomEnchantments:{AntiLagPoison:1,PoisonAspect:2,AttackSpeed:1},EnchantLimit:2,display:{Lore:[\"{\\\"text\\\":\\\"Poison Aspect I\\\",\\\"color\\\":\\\"gray\\\",\\\"italic\\\":false}\",\"{\\\"text\\\":\\\"Attack Speed I\\\",\\\"color\\\":\\\"gray\\\",\\\"italic\\\":false}\"]},AttributeModifiers:[{AttributeName:\"generic.attack_damage\",Name:\"generic.attack_damage\",Slot:\"mainhand\",Amount:9,Operation:0,UUID:[I;77481627,-1623700219,-1168109781,568412412]},{AttributeName:\"generic.attack_speed\",Name:\"generic.attack_speed\",Slot:\"mainhand\",Amount:1.9,Operation:0,UUID:[I;482155537,1676954367,-1298051121,660464404]}]}"
            },
            {
              "function": "enchant_with_levels",
              "treasure": true,
              "levels": {
                "min": 15,
                "max": 20
              },
              "conditions": [
                {
                  "condition": "random_chance",
                  "chance": 0.75
                }
              ]
            }
          ]
        },
        {
          "type": "item",
          "name": "minecraft:trident",
          "weight": 1,
          "functions": [
            {
              "function": "set_nbt",
              "tag": "{Enchantments:[{id:\"minecraft:shinning\",lvl:1}],CustomEnchantments:{AntiLagPoison:1,PoisonAspect:1,AttackSpeed:2},EnchantLimit:2,display:{Lore:[\"{\\\"text\\\":\\\"Poison Aspect I\\\",\\\"color\\\":\\\"gray\\\",\\\"italic\\\":false}\",\"{\\\"text\\\":\\\"AttaAttack Speed II\\\",\\\"color\\\":\\\"gray\\\",\\\"italic\\\":false}\"]},AttributeModifiers:[{AttributeName:\"generic.attack_damage\",Name:\"generic.attack_damage\",Slot:\"mainhand\",Amount:9,Operation:0,UUID:[I;77481627,-1623700219,-1168109781,568412412]},{AttributeName:\"generic.attack_speed\",Name:\"generic.attack_speed\",Slot:\"mainhand\",Amount:2.2,Operation:0,UUID:[I;482155537,1676954367,-1298051121,660464404]}]}"
            },
            {
              "function": "enchant_with_levels",
              "treasure": true,
              "levels": {
                "min": 15,
                "max": 20
              },
              "conditions": [
                {
                  "condition": "random_chance",
                  "chance": 0.75
                }
              ]
            }
          ]
        },
        {
          "type": "item",
          "name": "minecraft:trident",
          "weight": 1,
          "functions": [
            {
              "function": "set_nbt",
              "tag": "{Enchantments:[{id:\"minecraft:shinning\",lvl:1}],CustomEnchantments:{AntiLagPoison:1,PoisonAspect:2,AttackSpeed:2},EnchantLimit:2,display:{Lore:[\"{\\\"text\\\":\\\"Poison Aspect II\\\",\\\"color\\\":\\\"gray\\\",\\\"italic\\\":false}\",\"{\\\"text\\\":\\\"AttaAttack Speed II\\\",\\\"color\\\":\\\"gray\\\",\\\"italic\\\":false}\"]},AttributeModifiers:[{AttributeName:\"generic.attack_damage\",Name:\"generic.attack_damage\",Slot:\"mainhand\",Amount:9,Operation:0,UUID:[I;77481627,-1623700219,-1168109781,568412412]},{AttributeName:\"generic.attack_speed\",Name:\"generic.attack_speed\",Slot:\"mainhand\",Amount:2.2,Operation:0,UUID:[I;482155537,1676954367,-1298051121,660464404]}]}"
            },
            {
              "function": "enchant_with_levels",
              "treasure": true,
              "levels": {
                "min": 15,
                "max": 20
              },
              "conditions": [
                {
                  "condition": "random_chance",
                  "chance": 0.75
                }
              ]
            }
          ]
        },
        {
          "type": "item",
          "name": "minecraft:trident",
          "weight": 1,
          "functions": [
            {
              "function": "set_nbt",
              "tag": "{Enchantments:[{id:\"minecraft:shinning\",lvl:1}],CustomEnchantments:{AntiLagXpBoost:1,XpBoost:2,AttackSpeed:1},EnchantLimit:2,display:{Lore:[\"{\\\"text\\\":\\\"Xp Boost II\\\",\\\"color\\\":\\\"gray\\\",\\\"italic\\\":false}\",\"{\\\"text\\\":\\\"Attack Speed I\\\",\\\"color\\\":\\\"gray\\\",\\\"italic\\\":false}\"]},AttributeModifiers:[{AttributeName:\"generic.attack_damage\",Name:\"generic.attack_damage\",Slot:\"mainhand\",Amount:9,Operation:0,UUID:[I;77481627,-1623700219,-1168109781,568412412]},{AttributeName:\"generic.attack_speed\",Name:\"generic.attack_speed\",Slot:\"mainhand\",Amount:1.9,Operation:0,UUID:[I;482155537,1676954367,-1298051121,660464404]}]}"
            },
            {
              "function": "enchant_with_levels",
              "treasure": true,
              "levels": {
                "min": 15,
                "max": 20
              },
              "conditions": [
                {
                  "condition": "random_chance",
                  "chance": 0.75
                }
              ]
            }
          ]
        },
        {
          "type": "item",
          "name": "minecraft:trident",
          "weight": 1,
          "functions": [
            {
              "function": "set_nbt",
              "tag": "{Enchantments:[{id:\"minecraft:shinning\",lvl:1}],CustomEnchantments:{AntiLagXpBoost:1,XpBoost:1,AttackSpeed:2},EnchantLimit:2,display:{Lore:[\"{\\\"text\\\":\\\"Xp Boost I\\\",\\\"color\\\":\\\"gray\\\",\\\"italic\\\":false}\",\"{\\\"text\\\":\\\"AttaAttack Speed II\\\",\\\"color\\\":\\\"gray\\\",\\\"italic\\\":false}\"]},AttributeModifiers:[{AttributeName:\"generic.attack_damage\",Name:\"generic.attack_damage\",Slot:\"mainhand\",Amount:9,Operation:0,UUID:[I;77481627,-1623700219,-1168109781,568412412]},{AttributeName:\"generic.attack_speed\",Name:\"generic.attack_speed\",Slot:\"mainhand\",Amount:2.2,Operation:0,UUID:[I;482155537,1676954367,-1298051121,660464404]}]}"
            },
            {
              "function": "enchant_with_levels",
              "treasure": true,
              "levels": {
                "min": 15,
                "max": 20
              },
              "conditions": [
                {
                  "condition": "random_chance",
                  "chance": 0.75
                }
              ]
            }
          ]
        },
        {
          "type": "item",
          "name": "minecraft:trident",
          "weight": 1,
          "functions": [
            {
              "function": "set_nbt",
              "tag": "{Enchantments:[{id:\"minecraft:shinning\",lvl:1}],CustomEnchantments:{AntiLagXpBoost:1,PoisonXpBoost:2,AttackSpeed:2},EnchantLimit:2,display:{Lore:[\"{\\\"text\\\":\\\"Xp Boost II\\\",\\\"color\\\":\\\"gray\\\",\\\"italic\\\":false}\",\"{\\\"text\\\":\\\"AttaAttack Speed II\\\",\\\"color\\\":\\\"gray\\\",\\\"italic\\\":false}\"]},AttributeModifiers:[{AttributeName:\"generic.attack_damage\",Name:\"generic.attack_damage\",Slot:\"mainhand\",Amount:9,Operation:0,UUID:[I;77481627,-1623700219,-1168109781,568412412]},{AttributeName:\"generic.attack_speed\",Name:\"generic.attack_speed\",Slot:\"mainhand\",Amount:2.2,Operation:0,UUID:[I;482155537,1676954367,-1298051121,660464404]}]}"
            },
            {
              "function": "enchant_with_levels",
              "treasure": true,
              "levels": {
                "min": 15,
                "max": 20
              },
              "conditions": [
                {
                  "condition": "random_chance",
                  "chance": 0.75
                }
              ]
            }
          ]
        }
      ]
    }
  ]
}