{
    "pools": [
        {
            "rolls": {
                "min": 3,
                "max": 6
            },
            "entries": [
                {
                    "type": "item",
                    "name": "minecraft:gunpowder",
                    "quality": 1,
                    "weight": 3
                },
                {
                    "type": "item",
                    "name": "minecraft:coal",
                    "weight": 1
                },
                {
                    "type": "item",
                    "name": "minecraft:charcoal",
                    "weight": 1
                },
                {
                    "type": "item",
                    "name": "minecraft:torch",
                    "weight": 1
                },
                {
                    "type": "item",
                    "name": "minecraft:fire_charge",
                    "weight": 1
                }
            ]
        },
        {
            "rolls": {
                "min": 1,
                "max": 3
            },
            "entries": [
                {
                    "type": "item",
                    "name": "minecraft:tnt",
                    "quality": 1,
                    "weight": 2
                },
                {
                    "type": "item",
                    "name": "minecraft:sand",
                    "weight": 2
                },
                {
                    "type": "item",
                    "name": "minecraft:flint_and_steel",
                    "weight": 1
                },
                {
                    "type": "item",
                    "name": "minecraft:potion",
                    "functions": [
                        {
                            "function": "set_nbt",
                            "tag": "{Potion:\"minecraft:fire_resistance\"}"
                        }
                    ],
                    "weight": 1
                },
                {
                    "type": "item",
                    "name": "minecraft:tipped_arrow",
                    "functions": [
                        {
                            "function": "set_nbt",
                            "tag": "{Potion:\"minecraft:fire_resistance\"}"
                        }
                    ],
                    "weight": 2
                },
                {
                    "type": "item",
                    "name": "minecraft:lava_bucket",
                    "weight": 1
                }
            ]
        },
        {
            "rolls": 1,
            "entries": [
                {
                    "type": "empty",
                    "weight": 256
                },
                {
                    "type": "item",
                    "name": "minecraft:enchanted_book",
                    "functions": [
                        {
                            "function": "set_nbt",
                            "tag": "{StoredEnchantments:[{id:\"minecraft:fire_protection\",lvl:1s}]}"
                        }
                    ],
                    "quality": 1,
                    "weight": 4
                },
                {
                    "type": "item",
                    "name": "minecraft:enchanted_book",
                    "functions": [
                        {
                            "function": "set_nbt",
                            "tag": "{StoredEnchantments:[{id:\"minecraft:fire_protection\",lvl:2s}]}"
                        }
                    ],
                    "quality": 2,
                    "weight": 4
                },
                {
                    "type": "item",
                    "name": "minecraft:enchanted_book",
                    "functions": [
                        {
                            "function": "set_nbt",
                            "tag": "{StoredEnchantments:[{id:\"minecraft:fire_protection\",lvl:3s}]}"
                        }
                    ],
                    "quality": 3,
                    "weight": 4
                },
                {
                    "type": "item",
                    "name": "minecraft:enchanted_book",
                    "functions": [
                        {
                            "function": "set_nbt",
                            "tag": "{StoredEnchantments:[{id:\"minecraft:fire_protection\",lvl:4s}]}"
                        }
                    ],
                    "quality": 4,
                    "weight": 4
                },
                {
                    "type": "item",
                    "name": "minecraft:enchanted_book",
                    "functions": [
                        {
                            "function": "set_nbt",
                            "tag": "{StoredEnchantments:[{id:\"minecraft:blast_protection\",lvl:1s}]}"
                        }
                    ],
                    "quality": 1,
                    "weight": 4
                },
                {
                    "type": "item",
                    "name": "minecraft:enchanted_book",
                    "functions": [
                        {
                            "function": "set_nbt",
                            "tag": "{StoredEnchantments:[{id:\"minecraft:blast_protection\",lvl:2s}]}"
                        }
                    ],
                    "quality": 2,
                    "weight": 4
                },
                {
                    "type": "item",
                    "name": "minecraft:enchanted_book",
                    "functions": [
                        {
                            "function": "set_nbt",
                            "tag": "{StoredEnchantments:[{id:\"minecraft:blast_protection\",lvl:3s}]}"
                        }
                    ],
                    "quality": 3,
                    "weight": 4
                },
                {
                    "type": "item",
                    "name": "minecraft:enchanted_book",
                    "functions": [
                        {
                            "function": "set_nbt",
                            "tag": "{StoredEnchantments:[{id:\"minecraft:blast_protection\",lvl:4s}]}"
                        }
                    ],
                    "quality": 4,
                    "weight": 4
                },
                {
                    "type": "item",
                    "name": "minecraft:enchanted_book",
                    "functions": [
                        {
                            "function": "set_nbt",
                            "tag": "{StoredEnchantments:[{id:\"minecraft:flame\",lvl:1s}]}"
                        }
                    ],
                    "quality": 4,
                    "weight": 16
                },
                {
                    "type": "item",
                    "name": "minecraft:enchanted_book",
                    "functions": [
                        {
                            "function": "set_nbt",
                            "tag": "{StoredEnchantments:[{id:\"minecraft:fire_aspect\",lvl:1s}]}"
                        }
                    ],
                    "quality": 2,
                    "weight": 8
                },
                {
                    "type": "item",
                    "name": "minecraft:enchanted_book",
                    "functions": [
                        {
                            "function": "set_nbt",
                            "tag": "{StoredEnchantments:[{id:\"minecraft:fire_aspect\",lvl:2s}]}"
                        }
                    ],
                    "quality": 4,
                    "weight": 8
                }
            ]
        }
    ]
}