{
    "pools": [
        {
            "rolls": {
                "min": 5,
                "max": 8
            },
            "entries": [
                {
                    "type": "item",
                    "name": "minecraft:cod",
                    "weight": 2
                },
                {
                    "type": "item",
                    "name": "minecraft:salmon",
                    "weight": 2
                },
                {
                    "type": "item",
                    "name": "minecraft:tropical_fish",
                    "weight": 1
                },
                {
                    "type": "item",
                    "name": "minecraft:pufferfish",
                    "weight": 1
                }
            ]
        },
        {
            "rolls": {
                "min": 0,
                "max": 2
            },
            "bonus_rolls": 1,
            "entries": [
                {
                    "type": "item",
                    "name": "minecraft:gold_ingot",
                    "weight": 2
                },
                {
                    "type": "item",
                    "name": "minecraft:emerald",
                    "weight": 1
                },
                {
                    "type": "empty",
                    "weight": 1
                }
            ]
        }
    ]
}