{
    "pools": [
        {
            "rolls": {
                "min": 2,
                "max": 3
            },
            "entries": [
                {
                    "type": "item",
                    "name": "minecraft:stick",
                    "weight": 1
                },
                {
                    "type": "item",
                    "name": "minecraft:bone",
                    "weight": 1
                },
                {
                    "type": "item",
                    "name": "minecraft:egg",
                    "weight": 1
                },
                {
                    "type": "item",
                    "name": "minecraft:book",
                    "weight": 1
                },
                {
                    "type": "item",
                    "name": "minecraft:flint",
                    "weight": 1
                },
                {
                    "type": "item",
                    "name": "minecraft:feather",
                    "weight": 1
                },
                {
                    "type": "item",
                    "name": "minecraft:wheat",
                    "weight": 1
                },
                {
                    "type": "item",
                    "name": "minecraft:string",
                    "weight": 1
                },
                {
                    "type": "item",
                    "name": "minecraft:charcoal",
                    "weight": 1
                },
                {
                    "type": "item",
                    "name": "minecraft:iron_nugget",
                    "weight": 1
                },
                {
                    "type": "item",
                    "name": "minecraft:bowl",
                    "weight": 1
                },
                {
                    "type": "item",
                    "name": "minecraft:rabbit_hide",
                    "weight": 1
                },
                {
                    "type": "item",
                    "name": "minecraft:leather",
                    "weight": 1
                },
                {
                    "type": "item",
                    "name": "minecraft:paper",
                    "weight": 1
                },
                {
                    "type": "item",
                    "name": "minecraft:glass_bottle",
                    "weight": 1
                },
                {
                    "type": "item",
                    "name": "minecraft:brown_mushroom",
                    "weight": 1
                },
                {
                    "type": "item",
                    "name": "minecraft:clay_ball",
                    "weight": 1
                },
                {
                    "type": "item",
                    "name": "minecraft:tripwire_hook",
                    "weight": 1
                },
                {
                    "type": "item",
                    "name": "minecraft:leather_helmet",
                    "functions": [
                    {
                    "function": "minecraft:set_damage",
                       "damage": {
                          "min": 0.05,
                          "max": 0.1
                          }
                       }
                    ],
                    "weight": 1
                },
                {
                    "type": "item",
                    "name": "minecraft:leather_boots",
                    "functions": [
                    {
                       "function": "minecraft:set_damage",
                          "damage": {
                             "min": 0.05,
                             "max": 0.1
                             }
                          }
                       ],
                    "weight": 1
                },
                {
                    "type": "item",
                    "name": "minecraft:quartz",
                    "weight": 1,
                    "quality": 1
                },
                {
                    "type": "item",
                    "name": "minecraft:arrow",
                    "weight": 1,
                    "quality": 1
                },
                {
                    "type": "item",
                    "name": "minecraft:iron_ingot",
                    "weight": 1,
                    "quality": 1
                }
            ]
        }
    ]
}