{
    "pools": [
        {
            "rolls": {
                "min": 2,
                "max": 4
            },
            "entries": [
                {
                    "type": "item",
                    "name": "minecraft:glass_bottle",
                    "weight": 2
                },
                {
                    "type": "item",
                    "name": "minecraft:potion",
                    "functions": [
                        {
                            "function": "minecraft:set_nbt",
                            "tag": "{Potion:\"minecraft:water\"}"
                        }
                    ],
                    "weight": 1
                }
            ]
        },
        {
            "rolls": {
                "min": 3,
                "max": 7
            },
            "entries": [
                {
                    "type": "item",
                    "name": "minecraft:blaze_powder",
                    "weight": 1
                },
                {
                    "type": "item",
                    "name": "minecraft:ghast_tear",
                    "weight": 1
                },
                {
                    "type": "item",
                    "name": "minecraft:fermented_spider_eye",
                    "weight": 1
                },
                {
                    "type": "item",
                    "name": "minecraft:magma_cream",
                    "weight": 1
                },
                {
                    "type": "item",
                    "name": "minecraft:glistering_melon_slice",
                    "weight": 1
                },
                {
                    "type": "item",
                    "name": "minecraft:golden_carrot",
                    "weight": 1
                },
                {
                    "type": "item",
                    "name": "minecraft:rabbit_foot",
                    "weight": 1
                },
                {
                    "type": "item",
                    "name": "minecraft:phantom_membrane",
                    "weight": 1
                },
                {
                    "type": "item",
                    "name": "minecraft:spider_eye",
                    "weight": 1
                },
                {
                    "type": "item",
                    "name": "minecraft:pufferfish",
                    "weight": 1
                },
                {
                    "type": "item",
                    "name": "minecraft:gunpowder",
                    "weight": 1
                },
                {
                    "type": "item",
                    "name": "minecraft:redstone",
                    "weight": 1
                },
                {
                    "type": "item",
                    "name": "minecraft:glowstone_dust",
                    "weight": 1
                },
                {
                    "type": "item",
                    "name": "minecraft:sugar",
                    "weight": 1
                }
            ]
        },
        {
            "rolls": {
                "min": 1,
                "max": 2
            },
            "bonus_rolls":1,
            "entries": [
                {
                    "type": "empty",
                    "weight": 27
                },
                {
                    "type": "item",
                    "name": "minecraft:potion",
                    "functions": [
                        {
                            "function": "minecraft:set_nbt",
                            "tag": "{Potion:\"minecraft:night_vision\"}"
                        }
                    ],
                    "weight": 1
                },
                {
                    "type": "item",
                    "name": "minecraft:potion",
                    "functions": [
                        {
                            "function": "minecraft:set_nbt",
                            "tag": "{Potion:\"minecraft:invisibility\"}"
                        }
                    ],
                    "weight": 1
                },
                {
                    "type": "item",
                    "name": "minecraft:potion",
                    "functions": [
                        {
                            "function": "minecraft:set_nbt",
                            "tag": "{Potion:\"minecraft:leaping\"}"
                        }
                    ],
                    "weight": 1
                },
                {
                    "type": "item",
                    "name": "minecraft:potion",
                    "functions": [
                        {
                            "function": "minecraft:set_nbt",
                            "tag": "{Potion:\"minecraft:fire_resistance\"}"
                        }
                    ],
                    "weight": 1
                },
                {
                    "type": "item",
                    "name": "minecraft:potion",
                    "functions": [
                        {
                            "function": "minecraft:set_nbt",
                            "tag": "{Potion:\"minecraft:swiftness\"}"
                        }
                    ],
                    "weight": 1
                },
                {
                    "type": "item",
                    "name": "minecraft:potion",
                    "functions": [
                        {
                            "function": "minecraft:set_nbt",
                            "tag": "{Potion:\"minecraft:slowness\"}"
                        }
                    ],
                    "weight": 1
                },
                {
                    "type": "item",
                    "name": "minecraft:potion",
                    "functions": [
                        {
                            "function": "minecraft:set_nbt",
                            "tag": "{Potion:\"minecraft:water_breathing\"}"
                        }
                    ],
                    "weight": 1
                },
                {
                    "type": "item",
                    "name": "minecraft:potion",
                    "functions": [
                        {
                            "function": "minecraft:set_nbt",
                            "tag": "{Potion:\"minecraft:healing\"}"
                        }
                    ],
                    "weight": 1
                },
                {
                    "type": "item",
                    "name": "minecraft:potion",
                    "functions": [
                        {
                            "function": "minecraft:set_nbt",
                            "tag": "{Potion:\"minecraft:harming\"}"
                        }
                    ],
                    "weight": 1
                },
                {
                    "type": "item",
                    "name": "minecraft:potion",
                    "functions": [
                        {
                            "function": "minecraft:set_nbt",
                            "tag": "{Potion:\"minecraft:poison\"}"
                        }
                    ],
                    "weight": 1
                },
                {
                    "type": "item",
                    "name": "minecraft:potion",
                    "functions": [
                        {
                            "function": "minecraft:set_nbt",
                            "tag": "{Potion:\"minecraft:regeneration\"}"
                        }
                    ],
                    "weight": 1
                },
                {
                    "type": "item",
                    "name": "minecraft:potion",
                    "functions": [
                        {
                            "function": "minecraft:set_nbt",
                            "tag": "{Potion:\"minecraft:strength\"}"
                        }
                    ],
                    "weight": 1
                },
                {
                    "type": "item",
                    "name": "minecraft:potion",
                    "functions": [
                        {
                            "function": "minecraft:set_nbt",
                            "tag": "{Potion:\"minecraft:weakness\"}"
                        }
                    ],
                    "weight": 1
                },
                {
                    "type": "item",
                    "name": "minecraft:potion",
                    "functions": [
                        {
                            "function": "minecraft:set_nbt",
                            "tag": "{Potion:\"minecraft:slow_falling\"}"
                        }
                    ],
                    "weight": 1
                },
                {
                    "type": "item",
                    "name": "minecraft:potion",
                    "functions": [
                        {
                            "function": "minecraft:set_nbt",
                            "tag": "{Potion:\"minecraft:luck\"}"
                        }
                    ],
                    "weight": 1
                },
                {
                    "type": "item",
                    "name": "minecraft:potion",
                    "functions": [
                        {
                            "function": "minecraft:set_nbt",
                            "tag": "{CustomPotionEffects:[{Id:27,Duration:6000,Amplifier:0,ShowIcon:true}],CustomPotionColor:12362059,display:{Name:\"{\\\"text\\\":\\\"Potion of Unluck\\\",\\\"italic\\\":false}\"}}"
                        }
                    ],
                    "weight": 1
                },
                {
                    "type": "item",
                    "name": "minecraft:potion",
                    "functions": [
                        {
                            "function": "minecraft:set_nbt",
                            "tag": "{CustomPotionEffects:[{Id:20,Duration:800,Amplifier:0,ShowIcon:true}],CustomPotionColor:3418406,display:{Name:\"{\\\"text\\\":\\\"Potion of Decay\\\",\\\"italic\\\":false}\"}}"
                        }
                    ],
                    "weight": 1
                },
                {
                    "type": "item",
                    "name": "minecraft:potion",
                    "functions": [
                        {
                            "function": "minecraft:set_nbt",
                            "tag": "{CustomPotionEffects:[{Id:15,Duration:1800,Amplifier:0,ShowIcon:true}],CustomPotionColor:1973794,display:{Name:\"{\\\"text\\\":\\\"Potion of Blindness\\\",\\\"italic\\\":false}\"}}"
                        }
                    ],
                    "weight": 1
                },
                {
                    "type": "item",
                    "name": "minecraft:potion",
                    "functions": [
                        {
                            "function": "minecraft:set_nbt",
                            "tag": "{CustomPotionEffects:[{Id:3,Duration:6000,Amplifier:0,ShowIcon:true}],CustomPotionColor:14007362,display:{Name:\"{\\\"text\\\":\\\"Potion of Haste\\\",\\\"italic\\\":false}\"}}"
                        }
                    ],
                    "weight": 1
                },
                {
                    "type": "item",
                    "name": "minecraft:potion",
                    "functions": [
                        {
                            "function": "minecraft:set_nbt",
                            "tag": "{CustomPotionEffects:[{Id:21,Duration:6000,Amplifier:0,ShowIcon:true}],CustomPotionColor:15956770,display:{Name:\"{\\\"text\\\":\\\"Potion of Health Boost\\\",\\\"italic\\\":false}\"}}"
                        }
                    ],
                    "weight": 1
                },
                {
                    "type": "item",
                    "name": "minecraft:potion",
                    "functions": [
                        {
                            "function": "minecraft:set_nbt",
                            "tag": "{CustomPotionEffects:[{Id:17,Duration:2400,Amplifier:0,ShowIcon:true}],CustomPotionColor:2389073,display:{Name:\"{\\\"text\\\":\\\"Potion of Hunger\\\",\\\"italic\\\":false}\"}}"
                        }
                    ],
                    "weight": 1
                },
                {
                    "type": "item",
                    "name": "minecraft:potion",
                    "functions": [
                        {
                            "function": "minecraft:set_nbt",
                            "tag": "{CustomPotionEffects:[{Id:23,Duration:20,Amplifier:4,ShowIcon:false},{Id:23,Duration:20,Amplifier:4,ShowIcon:false},{Id:23,Duration:20,Amplifier:4,ShowIcon:false},{Id:23,Duration:20,Amplifier:4,ShowIcon:false}],CustomPotionColor:10249279,display:{Name:\"{\\\"text\\\":\\\"Potion of Saturation\\\",\\\"italic\\\":false}\",Lore:[\"{\\\"text\\\":\\\"Saturation XX\\\",\\\"italic\\\":false,\\\"color\\\":\\\"blue\\\"}\",      \"{\\\"text\\\":\\\" \\\",\\\"italic\\\":false,\\\"color\\\":\\\"blue\\\"}\",    \"{\\\"text\\\":\\\"When Applied:\\\",\\\"italic\\\":false,\\\"color\\\":\\\"purple\\\"}\",    \"{\\\"text\\\":\\\"Full Hunger Bar\\\",\\\"italic\\\":false,\\\"color\\\":\\\"blue\\\"}\"]},HideFlags:32}"
                        }
                    ],
                    "weight": 1
                },
                {
                    "type": "item",
                    "name": "minecraft:potion",
                    "functions": [
                        {
                            "function": "minecraft:set_nbt",
                            "tag": "{CustomPotionEffects:[{Id:25,Duration:1200,Amplifier:0,ShowIcon:true}],CustomPotionColor:13302522,display:{Name:\"{\\\"text\\\":\\\"Potion of Levitation\\\",\\\"italic\\\":false}\"}}"
                        }
                    ],
                    "weight": 1
                },
                {
                    "type": "item",
                    "name": "minecraft:potion",
                    "functions": [
                        {
                            "function": "minecraft:set_nbt",
                            "tag": "{CustomPotionEffects:[{Id:9,Duration:1200,Amplifier:0,ShowIcon:true}],CustomPotionColor:5446729,display:{Name:\"{\\\"text\\\":\\\"Potion of Nausea\\\",\\\"italic\\\":false}\"}}"
                        }
                    ],
                    "weight": 1
                },
                {
                    "type": "item",
                    "name": "minecraft:potion",
                    "functions": [
                        {
                            "function": "minecraft:set_nbt",
                            "tag": "{CustomPotionEffects:[{Id:11,Duration:6000,Amplifier:0,ShowIcon:true}],CustomPotionColor:9847609,display:{Name:\"{\\\"text\\\":\\\"Potion of Resistance\\\",\\\"italic\\\":false}\",Lore:[\"{\\\"text\\\":\\\" \\\"}\",    \"{\\\"text\\\":\\\"When Applied:\\\",\\\"italic\\\":false,\\\"color\\\":\\\"purple\\\"}\",    \"{\\\"text\\\":\\\"-20% Damage Taken\\\",\\\"italic\\\":false,\\\"color\\\":\\\"blue\\\"}\"]}}"
                        }
                    ],
                    "weight": 1
                },
                {
                    "type": "item",
                    "name": "minecraft:potion",
                    "functions": [
                        {
                            "function": "minecraft:set_nbt",
                            "tag": "{CustomPotionEffects:[{Id:22,Duration:4800,Amplifier:0,ShowIcon:true}],CustomPotionColor:2379938,display:{Name:\"{\\\"text\\\":\\\"Potion of Absorption\\\",\\\"italic\\\":false}\"}}"
                        }
                    ],
                    "weight": 1
                },
                {
                    "type": "item",
                    "name": "minecraft:potion",
                    "functions": [
                        {
                            "function": "minecraft:set_nbt",
                            "tag": "{CustomPotionEffects:[{Id:4,Duration:6000,Amplifier:0,ShowIcon:true}],CustomPotionColor:4800791,display:{Name:\"{\\\"text\\\":\\\"Potion of Mining Fatigue\\\",\\\"italic\\\":false}\"}}"
                        }
                    ],
                    "weight": 1
                }
            ]
        }
    ]
}
