{
  "display": {
    "background": "minecraft:textures/block/stone.png",
    "icon": {
      "item": "minecraft:stone"
    },
    "title": "Welcome to CaveWorld!",
    "description": "Boot up the game with the pack installed",
    "frame": "goal",
    "show_toast": true,
    "announce_to_chat": true,
    "hidden": true
  },
  "criteria": {
    "cave_world": {
      "trigger": "minecraft:tick"
    }
  },
  "rewards": {
    "experience": 1,
    "loot": [
      "caveworld_addon:entities/caveworldstart"
    ]
  }
}