{
    "pools": [
        {
            "rolls": 1,
            "entries": [
                {
                    "type": "item",
                    "name": "minecraft:gunpowder",
                    "weight": 1,
                    "functions": [
                        {
                            "function": "set_count",
                            "count": {
                                "min": 0,
                                "max": 2
                            },
                            "add": false
                        },
                        {
                            "function": "looting_enchant",
                            "count": {
                                "min": 0,
                                "max": 1
                            }
                        }
                    ]
                }
            ]
        },
        {
            "conditions": [
                {
                    "condition": "killed_by_player"
                },
                {
                    "condition": "random_chance_with_looting",
                    "chance": 0.025,
                    "looting_multiplier": 0.01
                }
            ],
            "rolls": 1,
            "entries": [
                {
                    "type": "item",
                    "name": "minecraft:enchanted_book",
                    "weight": 1,
                    "functions": [
                        {
                         "function": "set_nbt",
                         "tag": "{StoredCustomEnchantments:[{id:\"AntiExplosion\",lvl:1}],display:{Lore:[\"{\\\"text\\\":\\\"Anti-Explosion\\\",\\\"color\\\":\\\"gray\\\",\\\"italic\\\":false}\"]}}"
                        }
                    ]
                }
            ]
        },
        {
          "rolls": 1.0,
          "bonus_rolls": 0.0,
          "entries": [
            {
              "type": "minecraft:tag",
              "name": "minecraft:creeper_drop_music_discs",
              "expand": true
            }
          ],
          "conditions": [
            {
              "condition": "minecraft:entity_properties",
              "predicate": {
                "type": "#minecraft:skeletons"
              },
              "entity": "killer"
            }
          ]
       }
    ]
}