{
  "type": "minecraft:block",
  "pools": [
      {
          "rolls": 1,
          "entries": [
              {
                  "type": "minecraft:alternatives",
                  "children": [
                      {
                        "type": "minecraft:item",
                        "name": "minecraft:shroomlight",
                        "conditions": [
                            {
                                "condition": "minecraft:match_tool",
                                "predicate": {
                                    "nbt": "{CustomEnchantments:{MiningPlus:1}}"
                                }
                            }
                        ],
                        "functions": [
                              {
                                  "function": "set_nbt",
                                  "tag": "{CustomEnchantments:{MiningPlusItembreak:1}}"
                              }
                          ] 
                      },
                      {
                          "type": "minecraft:item",
                          "name": "minecraft:shroomlight"
                      }
                  ]
              }
          ] 
      }
    ],
    "conditions": [
      {
        "condition": "minecraft:survives_explosion"
      }
  ]
}