{
    "display": {
        "title": "Commands:                                                    ",
        "description": "/trigger rlfx  (toggle always on effects)\n/trigger rfx  (cycle thru effects)\n/trigger stopmusic  (stops all music playing)\n/trigger loginmusic  (toggle login music)\n/trigger loginrlfx  (toggle login visuals)",
        "icon": {
            "item": "minecraft:name_tag"
        },
        "announce_to_chat": false,
        "show_toast": false
    },
    "parent": "main:main/rlfx_pack",
    "criteria": {
        "trigger": {
            "trigger": "minecraft:tick"
        }
    }
}